原路径,新路径,分类,整理前SHA256,整理后SHA256,原字节数,整理后字节数
03-信息分级表-LPCCoO.csv,03-信息分级表-LPCCoO.csv,答辩相关,0d38d79b717e073c8b3901778da1a829260e40253444b32fcc03a52fd6dcb093,0d38d79b717e073c8b3901778da1a829260e40253444b32fcc03a52fd6dcb093,9770,9770
03-信息分级表-LPCCoO.md,03-信息分级表-LPCCoO.md,答辩相关,016a03558c9d321f8a8f4fd9538946e3ac319462858d06f5fc074ae1b43f2ee6,016a03558c9d321f8a8f4fd9538946e3ac319462858d06f5fc074ae1b43f2ee6,10412,10412
04-当前需求实现详细说明.md,04-当前需求实现详细说明.md,答辩相关,ffb664fc7fa8aeaf749e69e4ef4dcb3b993839ec075d002191851d795fca1641,537172c19777f6223dbd1911585fe75ae7ae8b58773891659732a53779ac91af,28228,28224
2026 H2「中国电商-电商内容生态」All Hands 文字记录.md,history/2026 H2「中国电商-电商内容生态」All Hands 文字记录.md,归档,6c71f6497964ed4a6558bb6e1d59f399cc6cc1dd758556b35f3ea6ef74b46396,6c71f6497964ed4a6558bb6e1d59f399cc6cc1dd758556b35f3ea6ef74b46396,87735,87735
2026 H2「中国电商-电商内容生态」All Hands 文字记录_manifest.json,history/2026 H2「中国电商-电商内容生态」All Hands 文字记录_manifest.json,归档,ea3024bc0645c94748c8fe7fcfe8edc18038933c39cd093cbb49d5ce8673f074,67edf792691b08ea620b73b6170ee4f62139e270f510b7c8de6e365ad87ace69,1396,1951
2026 年 Q3 季度 OKR 7.13- 规模化运营.md,2026 年 Q3 季度 OKR 7.13- 规模化运营.md,答辩相关,47783f029d56216d642e292cfa4d5f0c735c808a10e3ff6724d9a562e5a79c1a,8322e8996d7d54a25f789769924bdf99198d435ccad6b3be7d76c10fb1359653,19003,18840
2026 年 Q3 季度 OKR 7.13- 规模化运营_manifest.json,history/2026 年 Q3 季度 OKR 7.13- 规模化运营_manifest.json,归档,91c91cbd518de6b9ab303bc356055c12cb082a212743d5fcae0cfaa365dbe34d,542c9e6057668c9a863916b7775b3e8813de1878aceecb4babef100b813d978e,4465,6161
AI Coding.md,AI Coding.md,答辩相关,0f65a666e468e5f13c3f3e1044704945b70a0a9dfa76b7b918a144bb85131b51,3274b15c816446714a443b808bdded012604889e3457ab7b158d75d006dd0717,55447,55197
【达人成长】数据 & 知识库建设规划OnePage_V1.md,【达人成长】数据 & 知识库建设规划OnePage_V1.md,答辩相关,91928fae709cf65013edeac5610535757233a6c105b7f68426b59847462b0d53,ca26e8de7ba28f2dcc4843b0084e452594a4d9f9c8da73fc1fdc1d00d8a109a8,66141,63237
【达人成长】数据 & 知识库建设规划OnePage_V1_manifest.json,history/【达人成长】数据 & 知识库建设规划OnePage_V1_manifest.json,归档,ce2dc068124041666235ce0d758b42089a7f4259183cce45dec66530e979c730,0dac8abf8dce9e77d9f1c40d2096efa85626954775c45548a2a96ae22fe31bee,21585,33145
产品验收新范式：Agentbuddy团队实践.md,产品验收新范式：Agentbuddy团队实践.md,答辩相关,54b699cbb2878694786269fc832df0f21fca7eb3b3fdc697671044f0e2c8980a,18860a70adaa53793405ac479748aa6f2b750a455b94da57cda9cef22d56acfd,12685,12767
产品验收新范式：Agentbuddy团队实践_manifest.json,history/产品验收新范式：Agentbuddy团队实践_manifest.json,归档,f9462cf74d0bbaf184b6cb91ff6012fd06f9bb2684b53414154144fa32734670,1ee70b8be9108a32cef332956d434ba629b0bf852cb7f3bd25b5f00dae633b04,4821,6427
内容运营OnePage.md,内容运营OnePage.md,答辩相关,ac7e71770e0bfd057cc62cb20a9a715521df1455df736e3be50a6099d83fc9e9,20838eb7fd61a48195e3ce398b3054b3786d86237a02b96758ed0338b1d34cd6,33138,33653
内容运营OnePage_manifest.json,history/内容运营OnePage_manifest.json,归档,a21a6c1f26b87e62b4986a75ecae0a6d518575639b6edf88d02ee0ef297d7701,1f36987c2230f13442b7ab2d1933098caa5a908e4de3e327145e77cfbe81e1b3,20477,27073
头达数据分级管控：业务介绍与技术方案_manifest.json,history/头达数据分级管控：业务介绍与技术方案_manifest.json,归档,1b2cc7f6b596b29502f91cc53318d38924da851299e7835e86e64113293d34a5,eb2cac0f1d2995605ea45694306f6c9356570fc98d78004a5ff0ee91d9c1bc40,13168,14687
头达数据权限管控-前端核心技术实现详解.md,头达数据权限管控-前端核心技术实现详解.md,答辩相关,1a005c3aa7aff50bbebea3572b44d43bacfd77c1ef09d642b5b8d045526f5da6,d03c0e8754fd338317f7d639a20a25c2be3edaf8819e6445ec1959ff3dd05396,47124,47122
头达权限管控.md,头达权限管控.md,答辩相关,0441993d88e75bc41a1c13c51671f37b631b51c31e907b957f17f3efec515014,d7ba79fa23bb1761e2e7724f9e9d7999e3ff19e5b369b11227123cd4f2f06284,52091,51191
如何让Agent可靠执行Skill-汇报分享.md,如何让Agent可靠执行Skill-汇报分享.md,答辩相关,728ca74fbd6f4d23464a99d18ae37cc9ee012c461735e2de3b3851c3fd18f7fb,728ca74fbd6f4d23464a99d18ae37cc9ee012c461735e2de3b3851c3fd18f7fb,34380,34380
实习生转正答辩 (copy) (copy).md,history/实习生转正答辩 (copy) (copy).md,归档,819ed5ffa04f0edb930fe83d2687aa5f1a0ba0cfeb6a805010539b88a409802d,6f0ce704d9ecc6b5baa8c142d0b1b4398fa2acb58b59afd04e30bbcadc9fef2e,91938,91961
实习生转正答辩-16分钟演讲稿.md,实习生转正答辩-16分钟演讲稿.md,答辩相关,5a82b128eaef987865dbb3bdeec66c15b023cda020dd791baaec52714f809940,5a82b128eaef987865dbb3bdeec66c15b023cda020dd791baaec52714f809940,15270,15270
实习生转正答辩.md,history/实习生转正答辩.md,归档,9b0e6ed855f25dc68045d219cf7c0a8e883391b8af756ef1d5cab8ee27574483,c20d3a3551aeeb4f6bd050f039689a155f2ea248cfe4c9c8335ee3dfc96a07dc,85968,85271
杨帆的视频会议_manifest.json,history/杨帆的视频会议_manifest.json,归档,f170ca994c416bc4ace1bf495b35d9b732801bf704827013d73c3fb1ffce3d67,e9bd3d4b828eb74853d8840bc1559cf168ab73da636c67e88f2d12b19232efde,1060,1554
电商内容生态达人库白皮书.md,电商内容生态达人库白皮书.md,答辩相关,01529cb36a12ef5241762aaaa9d8b084e5fd21fc7c63f377702f876dff63e8a3,96cfd3e3d34a83acffc12e56a4c7c75e886b6ad6c8ce23ab9e6b484515e28dbf,10746,10227
电商内容生态达人库白皮书_manifest.json,history/电商内容生态达人库白皮书_manifest.json,归档,0e25ff31c39510147776e0644e6615e756927a4811d4046abfa669927d6a3717,b3319260f4b026ec22794d2d851a04e48d9f5ee358796d924e70630d40f025a9,5648,8448
联盟电商：联盟平台业务方向、团队职责与运营平台功能.md,联盟电商：联盟平台业务方向、团队职责与运营平台功能.md,答辩相关,52b251435d8d9d44ba2b326bf122e7e82c5a3048dd58f8e985bcbf29416878ef,52b251435d8d9d44ba2b326bf122e7e82c5a3048dd58f8e985bcbf29416878ef,48448,48448
联盟电商：联盟平台业务方向、团队职责与运营平台功能_manifest.json,history/联盟电商：联盟平台业务方向、团队职责与运营平台功能_manifest.json,归档,914305b7ea86cabc178a9990d61c056765da234d26a33f37efdc4eedebe53ee0,dbd0cde46ced34c0171b420aa65ed93ead8a47702a53f39800753c834323b375,1037,1620
联盟运营平台前端仓库技术架构总览.md,联盟运营平台前端仓库技术架构总览.md,答辩相关,61ef4553e84aae837735c7a65805453bf4436531026104bb9cbc16bcdaf3dbb6,61ef4553e84aae837735c7a65805453bf4436531026104bb9cbc16bcdaf3dbb6,53095,53095
规模化运营 onepage.md,规模化运营 onepage.md,答辩相关,72b0334c41e1fc6ef75e308dddf51d7b4c4e8eaebb6277c3ac15d7c87bb9e89c,3b8e7e72dd07d431c2e92162a36d02fdc235421d2db4e64503bda74f5cf58d85,18681,18955
规模化运营 onepage_manifest.json,history/规模化运营 onepage_manifest.json,归档,129fdc5aba4e5f360e75f225752cb02ad0cf8d96230052cf337082ab84b8c3d4,4bfa315f835ec978d665422dc7b596995a430b81a90546740082051bf4946c6a,12087,15820
转正答辩问题与回答总汇.md,转正答辩问题与回答总汇.md,答辩相关,3d7eddbd4f62ae38c4ed42cae385ef06c348a016edaccc91601c9a28805af00d,3d7eddbd4f62ae38c4ed42cae385ef06c348a016edaccc91601c9a28805af00d,635152,635152
运营Agent建设技术方案初版.md,运营Agent建设技术方案初版.md,答辩相关,e2e44cf74750f0a4a6f72b369e7dd96bb8138ad2c08a88dc5584c649f84e3e90,b5b409e83c1fa818f9481ec2156ddf42912be8145131185839bcc09a6812ab40,38378,38497
运营Agent建设技术方案初版_manifest copy.json,history/运营Agent建设技术方案初版_manifest copy.json,归档,8d17bd58a095d254d21655f897ac3c5ddc8ff303d0bb8605cb9d84e474e25bd0,583d18ca9e312bfa9eb1792a96422af4000cd5b406beec9f819b854cc2ae3c15,8642,10563
运营Agent建设技术方案初版_manifest.json,history/运营Agent建设技术方案初版_manifest.json,归档,8d17bd58a095d254d21655f897ac3c5ddc8ff303d0bb8605cb9d84e474e25bd0,2833af01b703ff44c7ecd41c4a9bb2e94ba8772255c53b2135b425daea00d41f,8642,10558
运营Agent建设技术方案初版_解读说明.md,运营Agent建设技术方案初版_解读说明.md,答辩相关,9901b7b074113b9ef4c2cc33a3265a9a953ca964d5b482a5002fd4d91379e854,9901b7b074113b9ef4c2cc33a3265a9a953ca964d5b482a5002fd4d91379e854,42364,42364
运营平台_内容活动使用指南.md,运营平台_内容活动使用指南.md,答辩相关,5a00af764a899e6173220b108becb1bbde4110d429c02f810c28b61de747c448,6c7c8efe906dca3b689ddde3f0547c26fe8505c33c865a4ecd5c89eef1ad6c75,31140,31241
运营平台_内容活动使用指南_manifest.json,history/运营平台_内容活动使用指南_manifest.json,归档,5f9ee6a2defc0be815d09c3355f5b0b6191533f08a580d48c60297a1522d7157,f1f194741f14f648ef7d14bed3ba46ca2741c1645c5b63bdec91d49b247367fd,5335,7066
陈相实习生转正答辩 副本.pdf,陈相实习生转正答辩 副本.pdf,答辩相关,1cd8108e1ef296defb1c0db217483e574ff273687f0c3509949878b906f1793f,1cd8108e1ef296defb1c0db217483e574ff273687f0c3509949878b906f1793f,19296540,19296540
陈相实习生转正答辩.md,陈相实习生转正答辩.md,答辩相关,da5ff04408fe11eac9fab9594e32fd53d86c9bde85fe398df8d5aff75c0b6651,eef70d1c5e9f4b40c74d76d4c57e7aa42767b1128b85f676b8268b7f0d9c1477,89976,90529
陈相实习生转正答辩_manifest.json,history/陈相实习生转正答辩_manifest.json,归档,55e6b6bc464947eabeb8a564cc85081677f0d4e242eb2a4106571ae196fc2c4e,c49ff2fad7983413feac1f61645de6ab06192d1f252127c4a860f669594a91d3,30137,36978
2026 年 Q3 季度 OKR 7.13- 规模化运营.assets/media/image-001-U9Knbm4QQoy1FXx7TjPccSoxngf.png,assets/2026 年 Q3 季度 OKR 7.13- 规模化运营.assets__media__image-001-U9Knbm4QQoy1FXx7TjPccSoxngf.png,图片,9c199d18bf9fca1a2b473a56ad30289a0bac5d05737d5ddd04f70c74ee873b8a,9c199d18bf9fca1a2b473a56ad30289a0bac5d05737d5ddd04f70c74ee873b8a,303740,303740
2026 年 Q3 季度 OKR 7.13- 规模化运营.assets/media/image-002-Cdo8b49oWoFytvxk10lc5zqDnUh.png,assets/2026 年 Q3 季度 OKR 7.13- 规模化运营.assets__media__image-002-Cdo8b49oWoFytvxk10lc5zqDnUh.png,图片,241e55af4e7c4f14adc767827abe9ccdca36a8a086a0bfdcfa381d9e5ed28169,241e55af4e7c4f14adc767827abe9ccdca36a8a086a0bfdcfa381d9e5ed28169,403376,403376
2026 年 Q3 季度 OKR 7.13- 规模化运营.assets/media/image-003-RPoSbITU6oKHk4xwJ2tcQ9d0nld.png,assets/2026 年 Q3 季度 OKR 7.13- 规模化运营.assets__media__image-003-RPoSbITU6oKHk4xwJ2tcQ9d0nld.png,图片,28316c68585a9e11ff9dede4fa33a1e82bc51fcbfe1fbb866b86ef428ddccfdd,28316c68585a9e11ff9dede4fa33a1e82bc51fcbfe1fbb866b86ef428ddccfdd,610499,610499
2026 年 Q3 季度 OKR 7.13- 规模化运营.assets/raw/source.md,history/2026 年 Q3 季度 OKR 7.13- 规模化运营.assets__raw__source.md,归档,9e713d10093a17a295d0951abb9d9c6ac37a789e1be9fec84ac1010de3658547,9e713d10093a17a295d0951abb9d9c6ac37a789e1be9fec84ac1010de3658547,15960,15960
2026 年 Q3 季度 OKR 7.13- 规模化运营.assets/raw/source.xml,history/2026 年 Q3 季度 OKR 7.13- 规模化运营.assets__raw__source.xml,归档,cfb3cbf8a298f64a90d7ec12fb3a7cc9aa89080fa45190d4a5e036d2346cd39d,cfb3cbf8a298f64a90d7ec12fb3a7cc9aa89080fa45190d4a5e036d2346cd39d,25965,25965
2026 年 Q3 季度 OKR 7.13- 规模化运营.assets/sheets/sheet-001-MY8LWc.csv,history/2026 年 Q3 季度 OKR 7.13- 规模化运营.assets__sheets__sheet-001-MY8LWc.csv,归档,b20814c9e9667436dd7c27f02849d813e62a4b03210c2e85d6500957a0cda5d0,b20814c9e9667436dd7c27f02849d813e62a4b03210c2e85d6500957a0cda5d0,3901,3901
AI Coding.assets/ai-coding-workflow-framework-v3.png,assets/AI Coding.assets__ai-coding-workflow-framework-v3.png,图片,68925d9270df936b9826906993a4052cff7bc682f347f8384a73fc7819ef6b01,68925d9270df936b9826906993a4052cff7bc682f347f8384a73fc7819ef6b01,1227531,1227531
AI Coding.assets/bits-pre-delivery-review-framework-v2.png,assets/AI Coding.assets__bits-pre-delivery-review-framework-v2.png,图片,7a5c3354b3d36154ec0ce90e86f014700ee6034f2aa1b55750fd9ed5f935da2b,7a5c3354b3d36154ec0ce90e86f014700ee6034f2aa1b55750fd9ed5f935da2b,1257276,1257276
AI Coding.assets/repair-specification-framework.png,assets/AI Coding.assets__repair-specification-framework.png,图片,eda99669e2ecc429710f23b3cf9a99eb0c0a09feb37a2b45b5255bb6286dd7a5,eda99669e2ecc429710f23b3cf9a99eb0c0a09feb37a2b45b5255bb6286dd7a5,143144,143144
AI Coding.assets/test-case-mock-rule-framework-v2.png,assets/AI Coding.assets__test-case-mock-rule-framework-v2.png,图片,1a65d41d7e0a564255ea85b4e724d5e6c798f452b0980f1fb620e91ed1ca12c0,1a65d41d7e0a564255ea85b4e724d5e6c798f452b0980f1fb620e91ed1ca12c0,136583,136583
AI Coding.assets/verify-evidence-test-case-framework-v2.png,assets/AI Coding.assets__verify-evidence-test-case-framework-v2.png,图片,adeeae38467ad044b03e9944c704b5eb59ee816091fd6c5cf17a0b71899c8a31,adeeae38467ad044b03e9944c704b5eb59ee816091fd6c5cf17a0b71899c8a31,117597,117597
assets/agent-skill-reliable-execution-cover-background.png,assets/agent-skill-reliable-execution-cover-background.png,图片,f9971560428a6ca363a8673350c3d2636f6c2bedd97d4b2366ff05a45c96a8ba,f9971560428a6ca363a8673350c3d2636f6c2bedd97d4b2366ff05a45c96a8ba,1589496,1589496
assets/agent-skill-reliable-execution-cover.html,history/assets__agent-skill-reliable-execution-cover.html,归档,d39ff1b1687d0b3beaf7e6acee3f96309ab96905cc2acc752a5acff17d3f9e7b,352904ee7d384634499a59ad6fe41f6e5a35f29871b8da5f6192618373b6c4f5,4091,4101
assets/agent-skill-reliable-execution-cover.png,assets/agent-skill-reliable-execution-cover.png,图片,7b0206ab16f67fc6e5dd4e8932145ac3533487d3c8a42acd962b8e6189b5eb08,7b0206ab16f67fc6e5dd4e8932145ac3533487d3c8a42acd962b8e6189b5eb08,1361232,1361232
assets/ai-coding-content-incentive/ar001-01-figma.png,assets/ar001-01-figma.png,图片,1dc97d9e67581c10b8ba1ddd33fafaa659334194ecb9692b30001cce27732599,1dc97d9e67581c10b8ba1ddd33fafaa659334194ecb9692b30001cce27732599,506646,506646
assets/ai-coding-content-incentive/ar001-02-source-map.png,assets/ar001-02-source-map.png,图片,d61a0cb5f39056e332be696e909206a24b05999bcdba7bc87ee13bf54c076829,d61a0cb5f39056e332be696e909206a24b05999bcdba7bc87ee13bf54c076829,946549,946549
assets/ai-coding-content-incentive/ar001-03-first-runtime.png,assets/ar001-03-first-runtime.png,图片,b41e7acab9119a62ffed447c02a1ccc949b71e0b00becee5632bac70b9bdaf49,b41e7acab9119a62ffed447c02a1ccc949b71e0b00becee5632bac70b9bdaf49,396768,396768
assets/ai-coding-content-incentive/ar001-04-final-runtime.png,assets/ar001-04-final-runtime.png,图片,9ca56569bf2adb0ef246a682e148ddcfdbcdebca90241530883f5a14a1b503f2,9ca56569bf2adb0ef246a682e148ddcfdbcdebca90241530883f5a14a1b503f2,700491,700491
assets/team-contribution/01-ai-coding-workflow-summary.png,assets/01-ai-coding-workflow-summary.png,图片,25672dc1f6d7ab51d84c9150d04fd9a503acfa5d27e0a93e6d4b26f62f703b0a,25672dc1f6d7ab51d84c9150d04fd9a503acfa5d27e0a93e6d4b26f62f703b0a,82328,82328
assets/team-contribution/01-ai-coding-workflow-summary.svg,assets/01-ai-coding-workflow-summary.svg,图片,5e0c3806e89b00c6dfe3730b596da8b7e146ee9de4b30ffdc50007f980100532,5e0c3806e89b00c6dfe3730b596da8b7e146ee9de4b30ffdc50007f980100532,9325,9325
assets/team-contribution/02-agent-task-scoring-summary.png,assets/02-agent-task-scoring-summary.png,图片,c23f9648b7aebdfca4e4c18a75192da83a8770809d962e27c3b2c10722e5ed9e,c23f9648b7aebdfca4e4c18a75192da83a8770809d962e27c3b2c10722e5ed9e,140116,140116
assets/team-contribution/02-agent-task-scoring-summary.svg,assets/02-agent-task-scoring-summary.svg,图片,21ac4414772d5dab35ea02d8acb4a4f5e0f2bfcd6acf141f97aa2bebbf1f3751,21ac4414772d5dab35ea02d8acb4a4f5e0f2bfcd6acf141f97aa2bebbf1f3751,7021,7021
assets/team-contribution/03-benchmark-cost-reduction-summary.png,assets/03-benchmark-cost-reduction-summary.png,图片,7171b7b80328338086f9ca29854f21bd31f69511de67d12b4eda51857ab5a6f1,7171b7b80328338086f9ca29854f21bd31f69511de67d12b4eda51857ab5a6f1,160800,160800
assets/team-contribution/03-benchmark-cost-reduction-summary.svg,assets/03-benchmark-cost-reduction-summary.svg,图片,1ef86675f711ec9b3be5d7c2747e80a679fd64d30b11bbcf26f092ba10a8495d,1ef86675f711ec9b3be5d7c2747e80a679fd64d30b11bbcf26f092ba10a8495d,6635,6635
assets/work-milestone/work-milestone-timeline.jpg,assets/work-milestone-timeline.jpg,图片,d8a8fb045ea060c21a7b41fea5de0b11be9c9d05c65c3313c2001dda294eedb6,d8a8fb045ea060c21a7b41fea5de0b11be9c9d05c65c3313c2001dda294eedb6,116758,116758
assets/work-milestone/work-milestone-timeline.svg,assets/work-milestone-timeline.svg,图片,ff120f9ae840c4dcfe868fe65bc06ae7c064bf55bc10747b34bbf25a04c0c5f2,ff120f9ae840c4dcfe868fe65bc06ae7c064bf55bc10747b34bbf25a04c0c5f2,7209,7209
docs/adr/0001-use-original-fields-for-sensitive-state.md,0001-use-original-fields-for-sensitive-state.md,答辩相关,b47b5357bdeae1a45e24ccf4c26df482254933ce2576260826bab20822e7997d,b47b5357bdeae1a45e24ccf4c26df482254933ce2576260826bab20822e7997d,1024,1024
docs/adr/0002-centralize-sensitive-permission-state.md,0002-centralize-sensitive-permission-state.md,答辩相关,5946e64a65a57badcd2beb60f280d926fc12d18359730ca927a1ea6c26f0a3da,5946e64a65a57badcd2beb60f280d926fc12d18359730ca927a1ea6c26f0a3da,891,891
media/tech-image-01.png,assets/media__tech-image-01.png,图片,f7be1ed738aea87ab4892f828dbc060cbbb1ddc9bd97ed498b8575e14a6ce478,f7be1ed738aea87ab4892f828dbc060cbbb1ddc9bd97ed498b8575e14a6ce478,1088766,1088766
media/tech-image-02.png,assets/media__tech-image-02.png,图片,f227276d75f84dc0f840ca2925ae34b77d6ed7ed1e42423ac685f713627ea9e2,f227276d75f84dc0f840ca2925ae34b77d6ed7ed1e42423ac685f713627ea9e2,810605,810605
media/tech-image-03.png,assets/media__tech-image-03.png,图片,1e244e2ff34b96d0a0d2990b23bb7482df11257e1ac1a7fba6039274cf5a5dee,1e244e2ff34b96d0a0d2990b23bb7482df11257e1ac1a7fba6039274cf5a5dee,711505,711505
media/tech-image-04.png,assets/media__tech-image-04.png,图片,3ffc8819fe5bfd7697f037aa69e5ed3d8596ee600dba290a16f66bf2c3a1023d,3ffc8819fe5bfd7697f037aa69e5ed3d8596ee600dba290a16f66bf2c3a1023d,499639,499639
media/tech-image-05.png,assets/media__tech-image-05.png,图片,e09dae578f9ff932f408653ca43e1803872158810dba1436e2767d07f5e07fbb,e09dae578f9ff932f408653ca43e1803872158810dba1436e2767d07f5e07fbb,204379,204379
media/tech-image-06.png,assets/media__tech-image-06.png,图片,eb565365df8162f945653b19f2e1a053072fb575229c4ee24a4c1b8245c31db8,eb565365df8162f945653b19f2e1a053072fb575229c4ee24a4c1b8245c31db8,531957,531957
media/tech-image-07.png,assets/media__tech-image-07.png,图片,89778c5e911136284a80b74d27128e9b07d13013bfac3130ef288f4951b59129,89778c5e911136284a80b74d27128e9b07d13013bfac3130ef288f4951b59129,589531,589531
media/tech-image-08.png,assets/media__tech-image-08.png,图片,4b731170dad227762c3c817a7fdf8b2ccd23634bb215d367ccdc157104eb53b5,4b731170dad227762c3c817a7fdf8b2ccd23634bb215d367ccdc157104eb53b5,759763,759763
media/tech-image-09.png,assets/media__tech-image-09.png,图片,c954459bd54eb17473860372054c5ba671840792132f5ab0e88b06aa4e468986,c954459bd54eb17473860372054c5ba671840792132f5ab0e88b06aa4e468986,1709691,1709691
media/tech-image-10.png,assets/media__tech-image-10.png,图片,e3cd85df815037ddbe070314b0e69d8f3a84b490ff12ec295c99afa60195f6aa,e3cd85df815037ddbe070314b0e69d8f3a84b490ff12ec295c99afa60195f6aa,1071699,1071699
media/tech-image-11.png,assets/media__tech-image-11.png,图片,f99d89e3a322f85bcc507cdb6595978afcf63d58d50869379b964715c11d5a7c,f99d89e3a322f85bcc507cdb6595978afcf63d58d50869379b964715c11d5a7c,738923,738923
media/tech-image-12.png,assets/media__tech-image-12.png,图片,8a81dfe7de72ccbc49613c35645947f2473bcd967a5df7ce8b2d67a224b2c6c7,8a81dfe7de72ccbc49613c35645947f2473bcd967a5df7ce8b2d67a224b2c6c7,2113995,2113995
media/tech-image-13.png,assets/media__tech-image-13.png,图片,0e5b95b56b79d044948b357ed3abf3877c6e5bc01719628cba8eab404d8f4b1a,0e5b95b56b79d044948b357ed3abf3877c6e5bc01719628cba8eab404d8f4b1a,97054,97054
media/tech-image-14.png,assets/media__tech-image-14.png,图片,b91e9db5a472473d3e20d2ac23836b311be55f04c9d7642f34a97c8f8704b01e,b91e9db5a472473d3e20d2ac23836b311be55f04c9d7642f34a97c8f8704b01e,491560,491560
media/whiteboard-prd-scope.png,assets/media__whiteboard-prd-scope.png,图片,9db02d03ca86ece2e06e0a376af2149057e1517e7b10b719b8d49d2a780be2c5,9db02d03ca86ece2e06e0a376af2149057e1517e7b10b719b8d49d2a780be2c5,1063574,1063574
media/whiteboard-tech-business-cases.png,assets/media__whiteboard-tech-business-cases.png,图片,a99381722da5ec389f64e3455c010189490084859ba157063330f89f60a5144a,a99381722da5ec389f64e3455c010189490084859ba157063330f89f60a5144a,894573,894573
media/whiteboard-tech-business-logic.png,assets/media__whiteboard-tech-business-logic.png,图片,538fa7ea70dd117f241c47cfdd9a69bfcd4503808b33d05c6f8c26aff5e90e75,538fa7ea70dd117f241c47cfdd9a69bfcd4503808b33d05c6f8c26aff5e90e75,1041829,1041829
media/whiteboard-tech-field-encryption.png,assets/media__whiteboard-tech-field-encryption.png,图片,d88d88adfc22ff747b584bf9231d7ce29487c054a8195edcc8a5b7b6a9bb0501,d88d88adfc22ff747b584bf9231d7ce29487c054a8195edcc8a5b7b6a9bb0501,386093,386093
media/whiteboard-tech-l4-plus.png,assets/media__whiteboard-tech-l4-plus.png,图片,890e1e7e2b9d90c5a4ef292c662ef481c2a86726270391dfec088ca5acf89297,890e1e7e2b9d90c5a4ef292c662ef481c2a86726270391dfec088ca5acf89297,653952,653952
media/whiteboard-tech-sensitive-view.png,assets/media__whiteboard-tech-sensitive-view.png,图片,6f5ebfbe834f91ec87fcc9271736a7150ab35aa398466936cd8527425ff102a4,6f5ebfbe834f91ec87fcc9271736a7150ab35aa398466936cd8527425ff102a4,497680,497680
report/聚星台Agent和AI Coding工作流记录/AI Coding 工作流汇报.md,AI Coding 工作流汇报.md,答辩相关,5baf524ff73cba8eb10e3cd7fa49e0449a701b03c5a958e741a2a57898192307,5baf524ff73cba8eb10e3cd7fa49e0449a701b03c5a958e741a2a57898192307,51434,51434
report/聚星台Agent和AI Coding工作流记录/AI交付记录-运营平台内容活动激励管控线上化交付过程记录 (copy).md,history/report__聚星台Agent和AI Coding工作流记录__AI交付记录-运营平台内容活动激励管控线上化交付过程记录 (copy).md,归档,1632a71d7248c3ac451cf96e608770b9294fbb84967c61a054542f05318848da,1632a71d7248c3ac451cf96e608770b9294fbb84967c61a054542f05318848da,132378,132378
report/聚星台Agent和AI Coding工作流记录/AI交付记录-运营平台内容活动激励管控线上化交付过程记录.md,AI交付记录-运营平台内容活动激励管控线上化交付过程记录.md,答辩相关,475b4124e820876541f2ba9b53974646c12809f32132ccf9d8320018ccd92b53,475b4124e820876541f2ba9b53974646c12809f32132ccf9d8320018ccd92b53,132483,132483
report/聚星台Agent和AI Coding工作流记录/AI研发工作流.md,AI研发工作流.md,答辩相关,a8a0d45013c39c528753df0af56c15c2ed8bbe5891263fa13c228f99ed3219c8,a8a0d45013c39c528753df0af56c15c2ed8bbe5891263fa13c228f99ed3219c8,50079,50079
report/聚星台Agent和AI Coding工作流记录/AI研发工作流完整梳理.md,AI研发工作流完整梳理.md,答辩相关,cdc9d33918f8feab48c103b69f672255271bf8239419666aab09e50168582564,e692c130965c0bfab12323d4f6f354a1b32b02350c89f0e252ab43d162a72a0b,54532,54591
report/聚星台Agent和AI Coding工作流记录/AI研发工作流工作汇报-运营平台内容活动激励管控线上化.md,AI研发工作流工作汇报-运营平台内容活动激励管控线上化.md,答辩相关,adb7c9bbafd48201bb88108de1a81331e54b0790c4686d335e4802112da4d90c,41b7ef5e0cf352f919aec5fc77d439f48736f3203db97bce91db8298a5882e37,34566,34631
report/聚星台Agent和AI Coding工作流记录/聚星台 Agent 飞书文档授权设计工作报告.md,history/report__聚星台Agent和AI Coding工作流记录__聚星台 Agent 飞书文档授权设计工作报告.md,归档,a23431ddd5cd1bd77c73d90ea91860d9f6faf53baf758f4a6d82fc8720efda22,a23431ddd5cd1bd77c73d90ea91860d9f6faf53baf758f4a6d82fc8720efda22,21074,21074
report/聚星台Agent和AI Coding工作流记录/自评.md,自评.md,答辩相关,0a44d8c47f16b65892cd782f65aed281e4ed3bb9a7fb14a729f8ef7ee84009bd,0a44d8c47f16b65892cd782f65aed281e4ed3bb9a7fb14a729f8ef7ee84009bd,3088,3088
【达人成长】数据 & 知识库建设规划OnePage_V1.assets/media/image-001-UknwbuxVkotpf3xfZCucbizQnZg.png,assets/【达人成长】数据 & 知识库建设规划OnePage_V1.assets__media__image-001-UknwbuxVkotpf3xfZCucbizQnZg.png,图片,6c43850c9f91c9dada5eb321eeddf7e139a19cf8c008bc09b700e62e3b2d2462,6c43850c9f91c9dada5eb321eeddf7e139a19cf8c008bc09b700e62e3b2d2462,544276,544276
【达人成长】数据 & 知识库建设规划OnePage_V1.assets/media/image-002-PlzfbesZ5o4lbfxMDPFc2KBfnWe.png,assets/【达人成长】数据 & 知识库建设规划OnePage_V1.assets__media__image-002-PlzfbesZ5o4lbfxMDPFc2KBfnWe.png,图片,d81199965ef4a847596c3400df22ce07a897c4fe18462a514238e45a2e7a6849,d81199965ef4a847596c3400df22ce07a897c4fe18462a514238e45a2e7a6849,3090226,3090226
【达人成长】数据 & 知识库建设规划OnePage_V1.assets/media/image-003-IWkfbhx46oRvacx1CpQcsWKXnLh.png,assets/【达人成长】数据 & 知识库建设规划OnePage_V1.assets__media__image-003-IWkfbhx46oRvacx1CpQcsWKXnLh.png,图片,5737f41693d0c94b818f590487e2b5b5e964a0fcc86131bebbd1682ca969d007,5737f41693d0c94b818f590487e2b5b5e964a0fcc86131bebbd1682ca969d007,242823,242823
【达人成长】数据 & 知识库建设规划OnePage_V1.assets/media/image-004-FdxSbQyJtoRZpFxBTD0cBN32nM8.png,assets/【达人成长】数据 & 知识库建设规划OnePage_V1.assets__media__image-004-FdxSbQyJtoRZpFxBTD0cBN32nM8.png,图片,922c18f4813e13ce1151e3f3419f6de14b8b8017db542e312433810dde121067,922c18f4813e13ce1151e3f3419f6de14b8b8017db542e312433810dde121067,312089,312089
【达人成长】数据 & 知识库建设规划OnePage_V1.assets/media/image-005-JugQbxc9BoEJnOxigZkc6OP6n8d.png,assets/【达人成长】数据 & 知识库建设规划OnePage_V1.assets__media__image-005-JugQbxc9BoEJnOxigZkc6OP6n8d.png,图片,52260ccdab3fc782896009794c6a16fb09cd9182c0641a2a2236616cf52bdd79,52260ccdab3fc782896009794c6a16fb09cd9182c0641a2a2236616cf52bdd79,303551,303551
【达人成长】数据 & 知识库建设规划OnePage_V1.assets/media/image-006-WdFvbnoFzowm2ix9vuZcGU2HnNh.png,assets/【达人成长】数据 & 知识库建设规划OnePage_V1.assets__media__image-006-WdFvbnoFzowm2ix9vuZcGU2HnNh.png,图片,756f7cfc852564e51fadb23611c4c290241de0f0bbe4699f3cc991df04c4b474,756f7cfc852564e51fadb23611c4c290241de0f0bbe4699f3cc991df04c4b474,372877,372877
【达人成长】数据 & 知识库建设规划OnePage_V1.assets/media/image-007-EGDCbMKnboffCgxPnzOcGduQnzd.png,assets/【达人成长】数据 & 知识库建设规划OnePage_V1.assets__media__image-007-EGDCbMKnboffCgxPnzOcGduQnzd.png,图片,dccf81a4fe5d890d6b721ecc6091c21517b8449bcc8356fd8669b5feb2bc79b9,dccf81a4fe5d890d6b721ecc6091c21517b8449bcc8356fd8669b5feb2bc79b9,307087,307087
【达人成长】数据 & 知识库建设规划OnePage_V1.assets/media/image-008-GOJibtokfogSPyxjI5vciNMGnXd.png,assets/【达人成长】数据 & 知识库建设规划OnePage_V1.assets__media__image-008-GOJibtokfogSPyxjI5vciNMGnXd.png,图片,f9a310a1b26c69bbb98ebc9e2ec4ac227344508bf9ec27baf34888e0812e43c3,f9a310a1b26c69bbb98ebc9e2ec4ac227344508bf9ec27baf34888e0812e43c3,179468,179468
【达人成长】数据 & 知识库建设规划OnePage_V1.assets/media/image-009-BF6wb6SyxolvArx9WY8cwjLznqf.png,assets/【达人成长】数据 & 知识库建设规划OnePage_V1.assets__media__image-009-BF6wb6SyxolvArx9WY8cwjLznqf.png,图片,195641d11b353893edfea7a7e7be648b70f2592246ba46e51a6d430c1abd709b,195641d11b353893edfea7a7e7be648b70f2592246ba46e51a6d430c1abd709b,251527,251527
【达人成长】数据 & 知识库建设规划OnePage_V1.assets/media/image-010-FjOMbgv75oAfHOxzpeEcX4o3n6b.png,assets/【达人成长】数据 & 知识库建设规划OnePage_V1.assets__media__image-010-FjOMbgv75oAfHOxzpeEcX4o3n6b.png,图片,8285fe124220b47b25fd07844c6dba0bd0f0f6994ed79346065d86cbd30b2a56,8285fe124220b47b25fd07844c6dba0bd0f0f6994ed79346065d86cbd30b2a56,265340,265340
【达人成长】数据 & 知识库建设规划OnePage_V1.assets/media/image-011-IwLEbG4wkozli7xpBZZcxAq9nvd.png,assets/【达人成长】数据 & 知识库建设规划OnePage_V1.assets__media__image-011-IwLEbG4wkozli7xpBZZcxAq9nvd.png,图片,84cfcd81b1aa5fcc8fa3998487300d6faf2651ce9ba5eef30f9f4f7afb4fb0c3,84cfcd81b1aa5fcc8fa3998487300d6faf2651ce9ba5eef30f9f4f7afb4fb0c3,199002,199002
【达人成长】数据 & 知识库建设规划OnePage_V1.assets/media/image-012-KPjwbya9SoaRCfxXH7WcGYjRnob.png,assets/【达人成长】数据 & 知识库建设规划OnePage_V1.assets__media__image-012-KPjwbya9SoaRCfxXH7WcGYjRnob.png,图片,862809f1736c73ffa4a3ddce5106c914fa15892203a3e7082bf3d698f54cb068,862809f1736c73ffa4a3ddce5106c914fa15892203a3e7082bf3d698f54cb068,756361,756361
【达人成长】数据 & 知识库建设规划OnePage_V1.assets/media/image-013-YIXPbprm4o3anzxTkJWcA2UMnBc.png,assets/【达人成长】数据 & 知识库建设规划OnePage_V1.assets__media__image-013-YIXPbprm4o3anzxTkJWcA2UMnBc.png,图片,83cd21dbbe2e14f7c263cccd977645b80d80199b8296bf8574409b9fd85ebdbd,83cd21dbbe2e14f7c263cccd977645b80d80199b8296bf8574409b9fd85ebdbd,1095978,1095978
【达人成长】数据 & 知识库建设规划OnePage_V1.assets/media/image-014-C0mNboZejoIC6DxgttFcFWaznee.png,assets/【达人成长】数据 & 知识库建设规划OnePage_V1.assets__media__image-014-C0mNboZejoIC6DxgttFcFWaznee.png,图片,68ec4d0abafa7c04e9d6ca51360f9b1dd0cf0e190c9c2b45ddbf807764fc493f,68ec4d0abafa7c04e9d6ca51360f9b1dd0cf0e190c9c2b45ddbf807764fc493f,290087,290087
【达人成长】数据 & 知识库建设规划OnePage_V1.assets/media/image-015-CiRPbOuTdol5WexSqtucEp7HnKf.png,assets/【达人成长】数据 & 知识库建设规划OnePage_V1.assets__media__image-015-CiRPbOuTdol5WexSqtucEp7HnKf.png,图片,a589bc1371b7312c60eab4b6a9b719272710915f605f587215a3f1535dd0a47c,a589bc1371b7312c60eab4b6a9b719272710915f605f587215a3f1535dd0a47c,289662,289662
【达人成长】数据 & 知识库建设规划OnePage_V1.assets/media/image-016-OPbkbNy9UoPipVxoeAiciYkanch.png,assets/【达人成长】数据 & 知识库建设规划OnePage_V1.assets__media__image-016-OPbkbNy9UoPipVxoeAiciYkanch.png,图片,7f745d75fec93bf9af37e0955283475953edac0d8626491553946470b848907b,7f745d75fec93bf9af37e0955283475953edac0d8626491553946470b848907b,944392,944392
【达人成长】数据 & 知识库建设规划OnePage_V1.assets/media/image-017-SomTblx7XobmP9xVnxRc0liLnIk.png,assets/【达人成长】数据 & 知识库建设规划OnePage_V1.assets__media__image-017-SomTblx7XobmP9xVnxRc0liLnIk.png,图片,c1649404e8d308568ce02324bd414d5bd4dccf8d1d01d314fb4c6a2c56464b3c,c1649404e8d308568ce02324bd414d5bd4dccf8d1d01d314fb4c6a2c56464b3c,524963,524963
【达人成长】数据 & 知识库建设规划OnePage_V1.assets/media/image-018-S1cQbZpVcoCqVxxe6fLcPvQ7nSh.png,assets/【达人成长】数据 & 知识库建设规划OnePage_V1.assets__media__image-018-S1cQbZpVcoCqVxxe6fLcPvQ7nSh.png,图片,92e6f0ae7550dacadcd4921d9d53039511c8463b247693b4bab02ad34b870b68,92e6f0ae7550dacadcd4921d9d53039511c8463b247693b4bab02ad34b870b68,193389,193389
【达人成长】数据 & 知识库建设规划OnePage_V1.assets/media/image-019-V9cDb9EMkofE5oxnlFfc25gRnRd.png,assets/【达人成长】数据 & 知识库建设规划OnePage_V1.assets__media__image-019-V9cDb9EMkofE5oxnlFfc25gRnRd.png,图片,2a5b0d556b582bc606310094043840e9c62484fff9f5236655b5c0ec600465cc,2a5b0d556b582bc606310094043840e9c62484fff9f5236655b5c0ec600465cc,743483,743483
【达人成长】数据 & 知识库建设规划OnePage_V1.assets/media/image-020-SrpLbypbzoAK5Nx4qkScadQ7nPb.png,assets/【达人成长】数据 & 知识库建设规划OnePage_V1.assets__media__image-020-SrpLbypbzoAK5Nx4qkScadQ7nPb.png,图片,489fc763e7e26ee523691d0baaeea434519204fba78758a7b0757ae5e945d66b,489fc763e7e26ee523691d0baaeea434519204fba78758a7b0757ae5e945d66b,1336812,1336812
【达人成长】数据 & 知识库建设规划OnePage_V1.assets/media/image-021-IZ2fbBBdnoNdCWxnNcTcP23Sned.png,assets/【达人成长】数据 & 知识库建设规划OnePage_V1.assets__media__image-021-IZ2fbBBdnoNdCWxnNcTcP23Sned.png,图片,e6c94704dd8c74c42dadcb47f0b363f9d1e60a6dec1c1af51e0a42a44e965496,e6c94704dd8c74c42dadcb47f0b363f9d1e60a6dec1c1af51e0a42a44e965496,720616,720616
【达人成长】数据 & 知识库建设规划OnePage_V1.assets/media/image-022-OmZabnAjQon9tjx5vHxcWck9nue.png,assets/【达人成长】数据 & 知识库建设规划OnePage_V1.assets__media__image-022-OmZabnAjQon9tjx5vHxcWck9nue.png,图片,47d9958c56e22749dd7466c1789b183a5703c38b6d0fb0eb5d64f98d8658b029,47d9958c56e22749dd7466c1789b183a5703c38b6d0fb0eb5d64f98d8658b029,478455,478455
【达人成长】数据 & 知识库建设规划OnePage_V1.assets/media/image-023-Dm8pbTnT9oKc6cxz8eEc3O7Pnjg.png,assets/【达人成长】数据 & 知识库建设规划OnePage_V1.assets__media__image-023-Dm8pbTnT9oKc6cxz8eEc3O7Pnjg.png,图片,5a1ef2ad9f25718458031bc93f89bd1a9087cf32831f8df81100953994f83bd7,5a1ef2ad9f25718458031bc93f89bd1a9087cf32831f8df81100953994f83bd7,628762,628762
【达人成长】数据 & 知识库建设规划OnePage_V1.assets/media/image-024-D4pebV8KNonTmFxnKmXcwOadnve.png,assets/【达人成长】数据 & 知识库建设规划OnePage_V1.assets__media__image-024-D4pebV8KNonTmFxnKmXcwOadnve.png,图片,be8e53f175b3aa2d93cd550162536d7288fe4c9d029605fd120fed3c4d029c20,be8e53f175b3aa2d93cd550162536d7288fe4c9d029605fd120fed3c4d029c20,444073,444073
【达人成长】数据 & 知识库建设规划OnePage_V1.assets/media/image-025-Q6cgbSELxoKuT4xUY6Tcw4dBnub.png,assets/【达人成长】数据 & 知识库建设规划OnePage_V1.assets__media__image-025-Q6cgbSELxoKuT4xUY6Tcw4dBnub.png,图片,babbcb0cfc9b0e2a2204489948383927a6b81b2426e5aa5326de71e66cc2f671,babbcb0cfc9b0e2a2204489948383927a6b81b2426e5aa5326de71e66cc2f671,742427,742427
【达人成长】数据 & 知识库建设规划OnePage_V1.assets/media/image-026-AyYQbRiOJoqzDfx4pVGcAQjNnub.png,assets/【达人成长】数据 & 知识库建设规划OnePage_V1.assets__media__image-026-AyYQbRiOJoqzDfx4pVGcAQjNnub.png,图片,536f63d19ce600930efdd77baa2de5256fa9e3233e507526ecbace8f185dca58,536f63d19ce600930efdd77baa2de5256fa9e3233e507526ecbace8f185dca58,1092093,1092093
【达人成长】数据 & 知识库建设规划OnePage_V1.assets/media/image-027-HzIebxcOeor6gDxhpRvcPEUfnTc.png,assets/【达人成长】数据 & 知识库建设规划OnePage_V1.assets__media__image-027-HzIebxcOeor6gDxhpRvcPEUfnTc.png,图片,2072fe652b784f947d5940707b204eb0a67057d06100f9e48c089b9a40c9d1b8,2072fe652b784f947d5940707b204eb0a67057d06100f9e48c089b9a40c9d1b8,526905,526905
【达人成长】数据 & 知识库建设规划OnePage_V1.assets/media/image-028-XpyCb1xqTop1TxxhXcJcVGG6nbc.png,assets/【达人成长】数据 & 知识库建设规划OnePage_V1.assets__media__image-028-XpyCb1xqTop1TxxhXcJcVGG6nbc.png,图片,87f4a96b595aaa6c99b2773d83572a7cfaff55ecaea1b9fbc5ad76b2b03e0e48,87f4a96b595aaa6c99b2773d83572a7cfaff55ecaea1b9fbc5ad76b2b03e0e48,542374,542374
【达人成长】数据 & 知识库建设规划OnePage_V1.assets/media/image-029-YwmRbrsSHo4Uw8x7mYPcdrB9nJh.png,assets/【达人成长】数据 & 知识库建设规划OnePage_V1.assets__media__image-029-YwmRbrsSHo4Uw8x7mYPcdrB9nJh.png,图片,8deec78723e52cb54931ce99b1d35e11e9b276a609d6e5eace47fd043a652700,8deec78723e52cb54931ce99b1d35e11e9b276a609d6e5eace47fd043a652700,652568,652568
【达人成长】数据 & 知识库建设规划OnePage_V1.assets/media/image-030-YzqYblzJiohtZSxv5otcl9iXn6f.png,assets/【达人成长】数据 & 知识库建设规划OnePage_V1.assets__media__image-030-YzqYblzJiohtZSxv5otcl9iXn6f.png,图片,6cdf3eeab2226b556a8426fb391072f42522aaec23526ec9259c246edcee5a11,6cdf3eeab2226b556a8426fb391072f42522aaec23526ec9259c246edcee5a11,362329,362329
【达人成长】数据 & 知识库建设规划OnePage_V1.assets/media/image-031-XYDBb6yAxoHEWxxEUvIcaQ8YnYe.png,assets/【达人成长】数据 & 知识库建设规划OnePage_V1.assets__media__image-031-XYDBb6yAxoHEWxxEUvIcaQ8YnYe.png,图片,7b50521f64854a2417186f29b21df6d4ee57bce813dec28f440bc97c81505c1a,7b50521f64854a2417186f29b21df6d4ee57bce813dec28f440bc97c81505c1a,504875,504875
【达人成长】数据 & 知识库建设规划OnePage_V1.assets/media/image-032-NxH8bLHofo1QhDxkRsscjISfnwd.png,assets/【达人成长】数据 & 知识库建设规划OnePage_V1.assets__media__image-032-NxH8bLHofo1QhDxkRsscjISfnwd.png,图片,63a1f8c742f3fb21bab3c8d060d38b35d948fd5ab7df194bf6878d011ae73107,63a1f8c742f3fb21bab3c8d060d38b35d948fd5ab7df194bf6878d011ae73107,347836,347836
【达人成长】数据 & 知识库建设规划OnePage_V1.assets/media/image-033-BH23bCx0goIYtQxYOW6chO7jnjf.png,assets/【达人成长】数据 & 知识库建设规划OnePage_V1.assets__media__image-033-BH23bCx0goIYtQxYOW6chO7jnjf.png,图片,6c43850c9f91c9dada5eb321eeddf7e139a19cf8c008bc09b700e62e3b2d2462,6c43850c9f91c9dada5eb321eeddf7e139a19cf8c008bc09b700e62e3b2d2462,544276,544276
【达人成长】数据 & 知识库建设规划OnePage_V1.assets/raw/source.md,history/【达人成长】数据 & 知识库建设规划OnePage_V1.assets__raw__source.md,归档,d05ff2cdb21068ac9f394fcd2de6066c96924ddad75a728085e2d719a37b6e7c,d05ff2cdb21068ac9f394fcd2de6066c96924ddad75a728085e2d719a37b6e7c,70058,70058
【达人成长】数据 & 知识库建设规划OnePage_V1.assets/raw/source.xml,history/【达人成长】数据 & 知识库建设规划OnePage_V1.assets__raw__source.xml,归档,1af58a94b577b53bc2f2e537ac4159ff1bed63727179cd4e0d05a0d1a9078b54,1af58a94b577b53bc2f2e537ac4159ff1bed63727179cd4e0d05a0d1a9078b54,99752,99752
【达人成长】数据 & 知识库建设规划OnePage_V1.assets/whiteboards/whiteboard-001-XcPNwWXIEhMd27bwdegcQRoenId-preview.jpg,assets/【达人成长】数据 & 知识库建设规划OnePage_V1.assets__whiteboards__whiteboard-001-XcPNwWXIEhMd27bwdegcQRoenId-preview.jpg,图片,e14f734d5d5aae72392b0a39a02b51bd3522d200db9e78fb9db337af52c6fd32,e14f734d5d5aae72392b0a39a02b51bd3522d200db9e78fb9db337af52c6fd32,548734,548734
【达人成长】数据 & 知识库建设规划OnePage_V1.assets/whiteboards/whiteboard-001-XcPNwWXIEhMd27bwdegcQRoenId.raw.json,history/【达人成长】数据 & 知识库建设规划OnePage_V1.assets__whiteboards__whiteboard-001-XcPNwWXIEhMd27bwdegcQRoenId.raw.json,归档,687d89dcbe66b2d9a5ae6a10872b55383879233435cd0266e1c319ed978f4950,687d89dcbe66b2d9a5ae6a10872b55383879233435cd0266e1c319ed978f4950,224774,224774
业务发展_答辩问题记录.assets/scaled-operations-agent-framework.png,assets/业务发展_答辩问题记录.assets__scaled-operations-agent-framework.png,图片,363d5b36e13c75ee9e9178f5ab849561f131ecfc69df2a6c3543b28ff9984085,363d5b36e13c75ee9e9178f5ab849561f131ecfc69df2a6c3543b28ff9984085,686574,686574
产品验收新范式：Agentbuddy团队实践.assets/image-01.png,assets/产品验收新范式：Agentbuddy团队实践.assets__image-01.png,图片,81dc7949e8e8b05612907e514aba989e7aad2feee2e688d90806541f72937a0a,81dc7949e8e8b05612907e514aba989e7aad2feee2e688d90806541f72937a0a,529871,529871
产品验收新范式：Agentbuddy团队实践.assets/image-02.png,assets/产品验收新范式：Agentbuddy团队实践.assets__image-02.png,图片,9e0c873dbff35fc44295a5ef47927de8be0b858bf30523e6e19e774b2b438900,9e0c873dbff35fc44295a5ef47927de8be0b858bf30523e6e19e774b2b438900,594929,594929
产品验收新范式：Agentbuddy团队实践.assets/image-03.jpg,assets/产品验收新范式：Agentbuddy团队实践.assets__image-03.jpg,图片,176c13fbd306a2eea75383b248a72b50179c86174b0d4961f4f98f0bdf07e434,176c13fbd306a2eea75383b248a72b50179c86174b0d4961f4f98f0bdf07e434,638170,638170
产品验收新范式：Agentbuddy团队实践.assets/image-04.jpg,assets/产品验收新范式：Agentbuddy团队实践.assets__image-04.jpg,图片,b8853776e37ba37375529b88689c9ba4b6b2be0e345065c4481d72a8469b7ace,b8853776e37ba37375529b88689c9ba4b6b2be0e345065c4481d72a8469b7ace,580564,580564
产品验收新范式：Agentbuddy团队实践.assets/image-05.jpg,assets/产品验收新范式：Agentbuddy团队实践.assets__image-05.jpg,图片,979f836fcbf05c8a9f5dfd09c67b02585875938af871c2717980af4417a27276,979f836fcbf05c8a9f5dfd09c67b02585875938af871c2717980af4417a27276,424341,424341
产品验收新范式：Agentbuddy团队实践.assets/image-06.png,assets/产品验收新范式：Agentbuddy团队实践.assets__image-06.png,图片,d701f3d3539ccc5a4974459ecf11c7df11debfdf2691afff5b1246e3c74ed30d,d701f3d3539ccc5a4974459ecf11c7df11debfdf2691afff5b1246e3c74ed30d,308718,308718
产品验收新范式：Agentbuddy团队实践.assets/whiteboard-01.jpg,assets/产品验收新范式：Agentbuddy团队实践.assets__whiteboard-01.jpg,图片,2d2c40901225f5efba94f3557d29a77543ac165d35dff7b17570fba454e54f34,2d2c40901225f5efba94f3557d29a77543ac165d35dff7b17570fba454e54f34,277819,277819
产品验收新范式：Agentbuddy团队实践.assets/whiteboard-01.raw.json,history/产品验收新范式：Agentbuddy团队实践.assets__whiteboard-01.raw.json,归档,90b8fbc1058f80bc397cd5f7d6ee02c76344a9dde9a46c5444cf64041bd66b51,90b8fbc1058f80bc397cd5f7d6ee02c76344a9dde9a46c5444cf64041bd66b51,74892,74892
产品验收新范式：Agentbuddy团队实践.assets/whiteboard-02.jpg,assets/产品验收新范式：Agentbuddy团队实践.assets__whiteboard-02.jpg,图片,cc7f8a29f6dfac20aca1d9d77ccdbf4ff2dc5b18118ae8a02cf60de56881e475,cc7f8a29f6dfac20aca1d9d77ccdbf4ff2dc5b18118ae8a02cf60de56881e475,450124,450124
产品验收新范式：Agentbuddy团队实践.assets/whiteboard-02.raw.json,history/产品验收新范式：Agentbuddy团队实践.assets__whiteboard-02.raw.json,归档,e78e943c800122fa3fbefe1c11509f34f82a4e40a198cdcfa2191e57da1ac9f8,e78e943c800122fa3fbefe1c11509f34f82a4e40a198cdcfa2191e57da1ac9f8,133412,133412
内容运营OnePage_assets/image-01-content-operation-overview.png,assets/内容运营OnePage_assets__image-01-content-operation-overview.png,图片,9c9dc7997d29b31689f95411988a431dfe7d9d5083cb2cd9543bb15df53c5702,9c9dc7997d29b31689f95411988a431dfe7d9d5083cb2cd9543bb15df53c5702,327412,327412
内容运营OnePage_assets/image-02-short-video-load.png,assets/内容运营OnePage_assets__image-02-short-video-load.png,图片,0924f81c25b395c53cf13f6684aa647b59090b9c6424d1ac2b2f33e48bd28542,0924f81c25b395c53cf13f6684aa647b59090b9c6424d1ac2b2f33e48bd28542,436175,436175
内容运营OnePage_assets/image-03-alliance-author-data.png,assets/内容运营OnePage_assets__image-03-alliance-author-data.png,图片,ae446c75bdb3ccae776200241e5466a482ca41695f13687ec90092feec82c7a6,ae446c75bdb3ccae776200241e5466a482ca41695f13687ec90092feec82c7a6,488839,488839
内容运营OnePage_assets/image-04-ka-author-data.png,assets/内容运营OnePage_assets__image-04-ka-author-data.png,图片,70a9d614589fdd89c84d857db81406b671c5d5f79df6fdc2107214e970f4ee84,70a9d614589fdd89c84d857db81406b671c5d5f79df6fdc2107214e970f4ee84,540865,540865
内容运营OnePage_assets/image-05-small-author-data.png,assets/内容运营OnePage_assets__image-05-small-author-data.png,图片,bbf70b8e0f80890922c643434062954084e70ea5844bad915b1f5f075dcea8c4,bbf70b8e0f80890922c643434062954084e70ea5844bad915b1f5f075dcea8c4,546816,546816
内容运营OnePage_assets/image-06-rating-funnel.png,assets/内容运营OnePage_assets__image-06-rating-funnel.png,图片,f5d15264c4f58c1b87dbdf31bca7169dd77c185474ff1ad9c4097d72f02ef78c,f5d15264c4f58c1b87dbdf31bca7169dd77c185474ff1ad9c4097d72f02ef78c,400932,400932
内容运营OnePage_assets/image-07-cqc-dashboard.png,assets/内容运营OnePage_assets__image-07-cqc-dashboard.png,图片,b1501b16bff3a00995a0349e7ccfe26aa584fb143ef5146a34123b4d1a7ce38e,b1501b16bff3a00995a0349e7ccfe26aa584fb143ef5146a34123b4d1a7ce38e,573483,573483
内容运营OnePage_assets/image-08-video-management.png,assets/内容运营OnePage_assets__image-08-video-management.png,图片,9dd14e015e57f81f8d2d7fcd94045be6e1296cb48336b92f79176d8b45015fed,9dd14e015e57f81f8d2d7fcd94045be6e1296cb48336b92f79176d8b45015fed,806200,806200
内容运营OnePage_assets/image-09-video-search.png,assets/内容运营OnePage_assets__image-09-video-search.png,图片,2793effb6bba1c030e2d32df899312a508da7a1f1e0e2e384458114097fd5982,2793effb6bba1c030e2d32df899312a508da7a1f1e0e2e384458114097fd5982,1162343,1162343
内容运营OnePage_assets/image-10-video-filter.png,assets/内容运营OnePage_assets__image-10-video-filter.png,图片,f052b30510e2efdac690ed691d14ed729050dd0c3cdd9776812483d5dfcdd21b,f052b30510e2efdac690ed691d14ed729050dd0c3cdd9776812483d5dfcdd21b,1576843,1576843
内容运营OnePage_assets/image-11-author-works.png,assets/内容运营OnePage_assets__image-11-author-works.png,图片,0ea72bd4172049b1f6a57086f8ba2489921c129e54196ef3147224878e5dabba,0ea72bd4172049b1f6a57086f8ba2489921c129e54196ef3147224878e5dabba,3166156,3166156
内容运营OnePage_assets/image-12-video-value.png,assets/内容运营OnePage_assets__image-12-video-value.png,图片,f566132ff804cb4a2978fa9101819beafa948ed490c8bb5fe9e69ee8a5928477,f566132ff804cb4a2978fa9101819beafa948ed490c8bb5fe9e69ee8a5928477,437430,437430
内容运营OnePage_assets/image-13-content-rating.png,assets/内容运营OnePage_assets__image-13-content-rating.png,图片,75fe3cccc31919e67ec887dafb9a6902499255c4d0624f5be3c53a7dbb1ca0e7,75fe3cccc31919e67ec887dafb9a6902499255c4d0624f5be3c53a7dbb1ca0e7,512669,512669
内容运营OnePage_assets/image-14-rating-appeal.png,assets/内容运营OnePage_assets__image-14-rating-appeal.png,图片,951914aa9e4f7834ecc3f60f3fb65146cdaee275072240d9a7825406254ccf82,951914aa9e4f7834ecc3f60f3fb65146cdaee275072240d9a7825406254ccf82,74290,74290
内容运营OnePage_assets/image-15-rating-pipeline.png,assets/内容运营OnePage_assets__image-15-rating-pipeline.png,图片,f97d71fa4b9270b7518fd3e1c900d7e5d31a41d042aa5dc84bea7f7db572e9d5,f97d71fa4b9270b7518fd3e1c900d7e5d31a41d042aa5dc84bea7f7db572e9d5,196675,196675
内容运营OnePage_assets/image-16-hotspot-management.png,assets/内容运营OnePage_assets__image-16-hotspot-management.png,图片,cae2ab7a1601fddbda17c8c1c6b6f1f39e3afa8e3573c0dcf0887e76669fc547,cae2ab7a1601fddbda17c8c1c6b6f1f39e3afa8e3573c0dcf0887e76669fc547,1602375,1602375
内容运营OnePage_assets/image-17-hotspot-filter.png,assets/内容运营OnePage_assets__image-17-hotspot-filter.png,图片,4234e858ba2a52a7dc814bdd0a7042d8f3f14736abf0fee2a2c724515b6b7e4e,4234e858ba2a52a7dc814bdd0a7042d8f3f14736abf0fee2a2c724515b6b7e4e,1681931,1681931
内容运营OnePage_assets/image-18-hotspot-analytics.png,assets/内容运营OnePage_assets__image-18-hotspot-analytics.png,图片,1b734926ca1b5d42641c16c1437535668cff05073ff3ef9bf53eb34e992a24e0,1b734926ca1b5d42641c16c1437535668cff05073ff3ef9bf53eb34e992a24e0,1846666,1846666
内容运营OnePage_assets/image-19-hotspot-authors.png,assets/内容运营OnePage_assets__image-19-hotspot-authors.png,图片,95acb90f68710731a188da45754abe1eb95d9ba18d8de7f687fe8e4ae93111fc,95acb90f68710731a188da45754abe1eb95d9ba18d8de7f687fe8e4ae93111fc,1136818,1136818
内容运营OnePage_assets/image-20-rating-dimensions.png,assets/内容运营OnePage_assets__image-20-rating-dimensions.png,图片,10dbc16cf7bd7497b2ffaf7e462dca16b81609e049239b1eb9d00b9089aca55a,10dbc16cf7bd7497b2ffaf7e462dca16b81609e049239b1eb9d00b9089aca55a,975595,975595
内容运营OnePage_assets/image-21-machine-review-flow.png,assets/内容运营OnePage_assets__image-21-machine-review-flow.png,图片,118ca58b3aa8ab6453232d11e89a96999ff6a8aeb54792591e4b77ee0dae77c5,118ca58b3aa8ab6453232d11e89a96999ff6a8aeb54792591e4b77ee0dae77c5,754022,754022
内容运营OnePage_assets/image-22-multimodal-model.png,assets/内容运营OnePage_assets__image-22-multimodal-model.png,图片,fc633cdf539a79290a96bf52606431f1b36cb9af81be0ced928c565d4fb69df3,fc633cdf539a79290a96bf52606431f1b36cb9af81be0ced928c565d4fb69df3,248580,248580
内容运营OnePage_assets/image-23-queue-config.png,assets/内容运营OnePage_assets__image-23-queue-config.png,图片,ff84349d746332149d79d2975987433717f07847ef33745028d72f28095dd7b9,ff84349d746332149d79d2975987433717f07847ef33745028d72f28095dd7b9,383055,383055
内容运营OnePage_assets/image-24-submit-test.png,assets/内容运营OnePage_assets__image-24-submit-test.png,图片,9852f5f8279a4b3e116db421dc3cd428064869f5891a44e2e6fbe3495bde6e17,9852f5f8279a4b3e116db421dc3cd428064869f5891a44e2e6fbe3495bde6e17,419474,419474
内容运营OnePage_assets/whiteboard-01-platform-business-flow.jpg,assets/内容运营OnePage_assets__whiteboard-01-platform-business-flow.jpg,图片,eff1d0d0acbc23e44a571d1052796d62cb984f9c3c669903a6f86f782c7d88a6,eff1d0d0acbc23e44a571d1052796d62cb984f9c3c669903a6f86f782c7d88a6,143138,143138
内容运营OnePage_assets/whiteboard-01-platform-business-flow.json,history/内容运营OnePage_assets__whiteboard-01-platform-business-flow.json,归档,df691822b3e6268808ce03c6f2a17b14edcd33ff52e0e0131298cdc3f5cf9211,df691822b3e6268808ce03c6f2a17b14edcd33ff52e0e0131298cdc3f5cf9211,67666,67666
内容运营OnePage_assets/whiteboard-02-content-rating-flow.jpg,assets/内容运营OnePage_assets__whiteboard-02-content-rating-flow.jpg,图片,e791f036476e828491082858a57176956b16567838416c25f8c204a72b64baee,e791f036476e828491082858a57176956b16567838416c25f8c204a72b64baee,212041,212041
内容运营OnePage_assets/whiteboard-02-content-rating-flow.json,history/内容运营OnePage_assets__whiteboard-02-content-rating-flow.json,归档,8ca3267e487f857d42fa04ec06684cd00e3800ac90085a90f0b52d63a2bf17f7,8ca3267e487f857d42fa04ec06684cd00e3800ac90085a90f0b52d63a2bf17f7,496051,496051
内容运营OnePage_assets/whiteboard-03-machine-review-correction.jpg,assets/内容运营OnePage_assets__whiteboard-03-machine-review-correction.jpg,图片,8c2d80e377deed06db79f731f8fb76b46eeb5fe8c8566a8de75604c81094fbb7,8c2d80e377deed06db79f731f8fb76b46eeb5fe8c8566a8de75604c81094fbb7,93656,93656
内容运营OnePage_assets/whiteboard-03-machine-review-correction.json,history/内容运营OnePage_assets__whiteboard-03-machine-review-correction.json,归档,48aa5e08ccfa38ae73e930d495ad8ed7b61a20a03d0098e59f2f0e659febf9b9,48aa5e08ccfa38ae73e930d495ad8ed7b61a20a03d0098e59f2f0e659febf9b9,75320,75320
内容运营OnePage_assets/whiteboard-04-manual-review.jpg,assets/内容运营OnePage_assets__whiteboard-04-manual-review.jpg,图片,af345eee2a42cefe163448c9eb1352c755c7add7db7676b1a28abb0f83f3e647,af345eee2a42cefe163448c9eb1352c755c7add7db7676b1a28abb0f83f3e647,136909,136909
内容运营OnePage_assets/whiteboard-04-manual-review.json,history/内容运营OnePage_assets__whiteboard-04-manual-review.json,归档,e20a8c0eb6810995cfb007e389693b51e118b66d947ec6e85a32ee1fb8809c47,e20a8c0eb6810995cfb007e389693b51e118b66d947ec6e85a32ee1fb8809c47,68061,68061
内容运营OnePage_assets/whiteboard-05-quality-exposure.jpg,assets/内容运营OnePage_assets__whiteboard-05-quality-exposure.jpg,图片,4249e2c1e4b3f7b4dc1f8af3478f35883a85f91afe791d90651e63fa5921bb21,4249e2c1e4b3f7b4dc1f8af3478f35883a85f91afe791d90651e63fa5921bb21,196898,196898
内容运营OnePage_assets/whiteboard-05-quality-exposure.json,history/内容运营OnePage_assets__whiteboard-05-quality-exposure.json,归档,a81a5d16942cd7856a10a46b3027d943b6011b8adc34906f6d730625746186d4,a81a5d16942cd7856a10a46b3027d943b6011b8adc34906f6d730625746186d4,95775,95775
内容运营OnePage_assets/whiteboard-06-non-quality-diagnosis.jpg,assets/内容运营OnePage_assets__whiteboard-06-non-quality-diagnosis.jpg,图片,44895bf247fa692fe7bc864d02bb4b94646068f147c15f7f80967c5c14356462,44895bf247fa692fe7bc864d02bb4b94646068f147c15f7f80967c5c14356462,224866,224866
内容运营OnePage_assets/whiteboard-06-non-quality-diagnosis.json,history/内容运营OnePage_assets__whiteboard-06-non-quality-diagnosis.json,归档,99f5f4f3ebcee847a9cc5dd05b52a0ad93def10fbd26f6bb3109aae7bc2df594,99f5f4f3ebcee847a9cc5dd05b52a0ad93def10fbd26f6bb3109aae7bc2df594,102271,102271
内容运营OnePage_assets/whiteboard-07-tech-architecture.jpg,assets/内容运营OnePage_assets__whiteboard-07-tech-architecture.jpg,图片,e9b49e0e1c3695ee19394d649121714b33a277755bcc7d74b0b99deaa52714b2,e9b49e0e1c3695ee19394d649121714b33a277755bcc7d74b0b99deaa52714b2,184548,184548
内容运营OnePage_assets/whiteboard-07-tech-architecture.json,history/内容运营OnePage_assets__whiteboard-07-tech-architecture.json,归档,7cc9de1c555e153c0ec768fa48d820ad675847751641c5456f34f03915df6326,7cc9de1c555e153c0ec768fa48d820ad675847751641c5456f34f03915df6326,39222,39222
内容运营OnePage_assets/whiteboard-08-service-dependency.jpg,assets/内容运营OnePage_assets__whiteboard-08-service-dependency.jpg,图片,f05f5b931076c7c32ce614b158ab5290945ba4b3ad4e639b1fc1c3a192aea0c8,f05f5b931076c7c32ce614b158ab5290945ba4b3ad4e639b1fc1c3a192aea0c8,180934,180934
内容运营OnePage_assets/whiteboard-08-service-dependency.json,history/内容运营OnePage_assets__whiteboard-08-service-dependency.json,归档,2bb177f8fad848e5498ec0c9c1242e0827e609c3fe26a3f78c1fbfbffc3038fc,2bb177f8fad848e5498ec0c9c1242e0827e609c3fe26a3f78c1fbfbffc3038fc,183482,183482
内容运营OnePage_assets/whiteboard-09-video-management.jpg,assets/内容运营OnePage_assets__whiteboard-09-video-management.jpg,图片,b13481e42833e50c358b77787bbdc4f0c7497ce1cd3fe2bce6df5a6a72f67785,b13481e42833e50c358b77787bbdc4f0c7497ce1cd3fe2bce6df5a6a72f67785,155200,155200
内容运营OnePage_assets/whiteboard-09-video-management.json,history/内容运营OnePage_assets__whiteboard-09-video-management.json,归档,39c855d036b5fa4831860a4a90a72abf57abd5b968632f8e091a184450234cad,39c855d036b5fa4831860a4a90a72abf57abd5b968632f8e091a184450234cad,134154,134154
内容运营OnePage_assets/whiteboard-10-content-rating-data.jpg,assets/内容运营OnePage_assets__whiteboard-10-content-rating-data.jpg,图片,e92ad00d89b062dba02187bdfd29d72a0df2309292292d79d4ae1af1b12fd8f1,e92ad00d89b062dba02187bdfd29d72a0df2309292292d79d4ae1af1b12fd8f1,234679,234679
内容运营OnePage_assets/whiteboard-10-content-rating-data.json,history/内容运营OnePage_assets__whiteboard-10-content-rating-data.json,归档,1967c6acfdb91a7cd7a62b95f1c7542cc46e8779a4d713bd09cf97aa14afe166,1967c6acfdb91a7cd7a62b95f1c7542cc46e8779a4d713bd09cf97aa14afe166,49364,49364
内容运营OnePage_assets/whiteboard-11-quality-exposure-data.jpg,assets/内容运营OnePage_assets__whiteboard-11-quality-exposure-data.jpg,图片,4249e2c1e4b3f7b4dc1f8af3478f35883a85f91afe791d90651e63fa5921bb21,4249e2c1e4b3f7b4dc1f8af3478f35883a85f91afe791d90651e63fa5921bb21,196898,196898
内容运营OnePage_assets/whiteboard-11-quality-exposure-data.json,history/内容运营OnePage_assets__whiteboard-11-quality-exposure-data.json,归档,9dc2da3a61a127b4179b7256077d01bbe4efb3ea06ac22ea867517009f838667,9dc2da3a61a127b4179b7256077d01bbe4efb3ea06ac22ea867517009f838667,95775,95775
内容运营OnePage_assets/whiteboard-12-non-quality-data.jpg,assets/内容运营OnePage_assets__whiteboard-12-non-quality-data.jpg,图片,44895bf247fa692fe7bc864d02bb4b94646068f147c15f7f80967c5c14356462,44895bf247fa692fe7bc864d02bb4b94646068f147c15f7f80967c5c14356462,224866,224866
内容运营OnePage_assets/whiteboard-12-non-quality-data.json,history/内容运营OnePage_assets__whiteboard-12-non-quality-data.json,归档,57d70a840ae358e30838468e8c4867aa4f00698efa64862b16da5625874af387,57d70a840ae358e30838468e8c4867aa4f00698efa64862b16da5625874af387,102271,102271
内容运营OnePage_assets/whiteboard-13-hotspot-data.jpg,assets/内容运营OnePage_assets__whiteboard-13-hotspot-data.jpg,图片,e9bf9287afbcb6c9574b8b7d2d06e9f5731be24ac8727e0edf11fb4395a60c20,e9bf9287afbcb6c9574b8b7d2d06e9f5731be24ac8727e0edf11fb4395a60c20,165632,165632
内容运营OnePage_assets/whiteboard-13-hotspot-data.json,history/内容运营OnePage_assets__whiteboard-13-hotspot-data.json,归档,2b33a012efb077c45cde559c3efcd7f68e615ae98b4bf78812f3beb875ac1de0,2b33a012efb077c45cde559c3efcd7f68e615ae98b4bf78812f3beb875ac1de0,120445,120445
内容运营OnePage_assets/whiteboard-14-domain-model.jpg,assets/内容运营OnePage_assets__whiteboard-14-domain-model.jpg,图片,9ce6f6bd7f6d879174cbe985afd247c8646b7778081302480804dadba52c6ce0,9ce6f6bd7f6d879174cbe985afd247c8646b7778081302480804dadba52c6ce0,184101,184101
内容运营OnePage_assets/whiteboard-14-domain-model.json,history/内容运营OnePage_assets__whiteboard-14-domain-model.json,归档,03c52eaaa7832cea4961c898c9a5674dd1a99429c209cdb77d1938cbb7854703,03c52eaaa7832cea4961c898c9a5674dd1a99429c209cdb77d1938cbb7854703,86432,86432
内容运营OnePage_assets/whiteboard-15-rating-data-model.jpg,assets/内容运营OnePage_assets__whiteboard-15-rating-data-model.jpg,图片,a885b11735da53ef68d9af5bfa586dd80af2bf47b7660f6a3ad80b5b67b25a91,a885b11735da53ef68d9af5bfa586dd80af2bf47b7660f6a3ad80b5b67b25a91,129975,129975
内容运营OnePage_assets/whiteboard-15-rating-data-model.json,history/内容运营OnePage_assets__whiteboard-15-rating-data-model.json,归档,372f7d2225d373cb4091b04a5d01de226669d638c4ef5d10d20ab00626b4f66b,372f7d2225d373cb4091b04a5d01de226669d638c4ef5d10d20ab00626b4f66b,128347,128347
内容运营OnePage_assets/whiteboard-16-hotspot-data-model.jpg,assets/内容运营OnePage_assets__whiteboard-16-hotspot-data-model.jpg,图片,a2d0f77659d19a3968652293e3f8ee485abf465aa90323c78bb2fec414fdd5f1,a2d0f77659d19a3968652293e3f8ee485abf465aa90323c78bb2fec414fdd5f1,283915,283915
内容运营OnePage_assets/whiteboard-16-hotspot-data-model.json,history/内容运营OnePage_assets__whiteboard-16-hotspot-data-model.json,归档,acc3674e6df22552f5e790948209039a65bfe327b4c228f2cd73573c34565d1f,acc3674e6df22552f5e790948209039a65bfe327b4c228f2cd73573c34565d1f,121033,121033
内容运营OnePage_assets/whiteboard-17-rating-submit-flow.jpg,assets/内容运营OnePage_assets__whiteboard-17-rating-submit-flow.jpg,图片,5989e91b2040a6bbf3a3fce3716f23c882bd550c7c8a16d3574e818b62808380,5989e91b2040a6bbf3a3fce3716f23c882bd550c7c8a16d3574e818b62808380,198366,198366
内容运营OnePage_assets/whiteboard-17-rating-submit-flow.json,history/内容运营OnePage_assets__whiteboard-17-rating-submit-flow.json,归档,73e6bdbdabf8a87614ddf420d3d021a933c86155153cb17f750ce364f17eac04,73e6bdbdabf8a87614ddf420d3d021a933c86155153cb17f750ce364f17eac04,80871,80871
内容运营OnePage_assets/whiteboard-18-correction-strategy.jpg,assets/内容运营OnePage_assets__whiteboard-18-correction-strategy.jpg,图片,8fb668f16c42380ad7fe9899443d88a83f066115b1c919b1caa5277875424f37,8fb668f16c42380ad7fe9899443d88a83f066115b1c919b1caa5277875424f37,201770,201770
内容运营OnePage_assets/whiteboard-18-correction-strategy.json,history/内容运营OnePage_assets__whiteboard-18-correction-strategy.json,归档,1aa44adf6fd0f0424b13f8b5da3b0095b70a37054531e804aab26d93952f238e,1aa44adf6fd0f0424b13f8b5da3b0095b70a37054531e804aab26d93952f238e,34686,34686
内容运营OnePage_assets/whiteboard-19-manual-review-strategy.jpg,assets/内容运营OnePage_assets__whiteboard-19-manual-review-strategy.jpg,图片,d83448820edf2f3a58c7da503da0eef3bc0b1b3aa99fb1581d41c665537c7e85,d83448820edf2f3a58c7da503da0eef3bc0b1b3aa99fb1581d41c665537c7e85,144834,144834
内容运营OnePage_assets/whiteboard-19-manual-review-strategy.json,history/内容运营OnePage_assets__whiteboard-19-manual-review-strategy.json,归档,ce9018ee01ba60271e36dc66fd53ea959845453c24c5496173312ae284541cf9,ce9018ee01ba60271e36dc66fd53ea959845453c24c5496173312ae284541cf9,72411,72411
头达权限管控.assets/ChatGPT Image 2026年8月6日 11_12_26.png,assets/头达权限管控.assets__ChatGPT Image 2026年8月6日 11_12_26.png,图片,1888c91341ba126fb27c8a2dd8957046559974fa3bb44bef8a67faf1a3fdd6f5,1888c91341ba126fb27c8a2dd8957046559974fa3bb44bef8a67faf1a3fdd6f5,62763,62763
头达权限管控.assets/Codex 图像 2026年8月6日 15_52_51.png,assets/头达权限管控.assets__Codex 图像 2026年8月6日 15_52_51.png,图片,cfe43a5d5541946849b445ed3d98ab37a8d69f4ceaf2fb973193746249cabc28,cfe43a5d5541946849b445ed3d98ab37a8d69f4ceaf2fb973193746249cabc28,149075,149075
头达权限管控.assets/confirm-view-page-refresh-framework.png,assets/头达权限管控.assets__confirm-view-page-refresh-framework.png,图片,effa7b003c8ab52c645a2c7f24b49c579cba0d764d34ed57321c41f481e204e6,effa7b003c8ab52c645a2c7f24b49c579cba0d764d34ed57321c41f481e204e6,111067,111067
头达权限管控.assets/cooperation-apply-existing-modal-reuse-framework.png,assets/头达权限管控.assets__cooperation-apply-existing-modal-reuse-framework.png,图片,2902416d9ead51f6a39aa9c59cee8d99ac3c633c8280cefc4f65ddd8372bf48a,2902416d9ead51f6a39aa9c59cee8d99ac3c633c8280cefc4f65ddd8372bf48a,114018,114018
头达权限管控.assets/frontend-incremental-coverage-skill-specification-flow.png,assets/头达权限管控.assets__frontend-incremental-coverage-skill-specification-flow.png,图片,fbe0544424f69b381cabb51272fb37c164b3f48812e98c51a5c1bd19a538e3ec,fbe0544424f69b381cabb51272fb37c164b3f48812e98c51a5c1bd19a538e3ec,315687,315687
头达权限管控.assets/image-20260806142838968.png,assets/头达权限管控.assets__image-20260806142838968.png,图片,82b36f7588faeafb7b578bab1fbc10c68c0f6f4fc5af7de214927ede3d2e4ba7,82b36f7588faeafb7b578bab1fbc10c68c0f6f4fc5af7de214927ede3d2e4ba7,752495,752495
头达权限管控.assets/image-20260806142944488.png,assets/头达权限管控.assets__image-20260806142944488.png,图片,fb1ff243bf1ee3f07d43c9e6fa31c1016850378f88945331b938ab187ba95680,fb1ff243bf1ee3f07d43c9e6fa31c1016850378f88945331b938ab187ba95680,883059,883059
头达权限管控.assets/image-20260806143026184.png,assets/头达权限管控.assets__image-20260806143026184.png,图片,b55dd392b3a5e553561518ee8839c84a08990508817ec235e1b22563519640f3,b55dd392b3a5e553561518ee8839c84a08990508817ec235e1b22563519640f3,741974,741974
头达权限管控.assets/image-20260806143934549.png,assets/头达权限管控.assets__image-20260806143934549.png,图片,9f80b9f84582a6ec888d8a37651ca89cae6590963daab0f25493a824d527ae04,9f80b9f84582a6ec888d8a37651ca89cae6590963daab0f25493a824d527ae04,878784,878784
头达权限管控.assets/image-20260806144119278.png,assets/头达权限管控.assets__image-20260806144119278.png,图片,dec898bab8964b56987002ed9b19676cf67d8cfecc7ba6e7d9a9e8e6cdcf0a12,dec898bab8964b56987002ed9b19676cf67d8cfecc7ba6e7d9a9e8e6cdcf0a12,1053226,1053226
头达权限管控.assets/image-20260806144211928.png,assets/头达权限管控.assets__image-20260806144211928.png,图片,9a2114cb50fde942434b915c11619736189d0ae91d28eea0402b2d95ce3aef69,9a2114cb50fde942434b915c11619736189d0ae91d28eea0402b2d95ce3aef69,1150266,1150266
头达权限管控.assets/mock-skill-specification-flow.png,assets/头达权限管控.assets__mock-skill-specification-flow.png,图片,9b50c80bd088cb9af31b148c1441e7c1fc6d5976d4caabbdcf77c7a322768eb3,9b50c80bd088cb9af31b148c1441e7c1fc6d5976d4caabbdcf77c7a322768eb3,295547,295547
头达权限管控.assets/permission-action-refresh-swimlane.png,assets/头达权限管控.assets__permission-action-refresh-swimlane.png,图片,9c44ac4b736be966f5df5a3bfa008c56ade5d3bb6d8c1e20a46b8f68b3aeacd0,9c44ac4b736be966f5df5a3bfa008c56ade5d3bb6d8c1e20a46b8f68b3aeacd0,114684,114684
头达权限管控.assets/permission-component-unified-handling-framework.png,assets/头达权限管控.assets__permission-component-unified-handling-framework.png,图片,7fda66f77c62bd695cb01f03df7237da1aa6180b9e5ef604b9eb5d973d9a607a,7fda66f77c62bd695cb01f03df7237da1aa6180b9e5ef604b9eb5d973d9a607a,127945,127945
头达权限管控.assets/permission-global-page-component-framework.png,assets/头达权限管控.assets__permission-global-page-component-framework.png,图片,996fa7b8f81b509a7912a002ccd6bcdb52fb696efdc12044f74fdbf0c724f3b4,996fa7b8f81b509a7912a002ccd6bcdb52fb696efdc12044f74fdbf0c724f3b4,148714,148714
头达权限管控.assets/permission-operation-dependencies-framework-v2.png,assets/头达权限管控.assets__permission-operation-dependencies-framework-v2.png,图片,9657e8d1139b7274c1cd4c1a084c9768395f130d94e2eb6abe95852c34d82b91,9657e8d1139b7274c1cd4c1a084c9768395f130d94e2eb6abe95852c34d82b91,1093856,1093856
实习生转正答辩.assets/(null)-20260809000946985.(null),assets/实习生转正答辩.assets__(null)-20260809000946985.png,图片,dd0705f557a3d6573836b8623e86c4af98bbe19fbb252befccbf3b28e1c94704,dd0705f557a3d6573836b8623e86c4af98bbe19fbb252befccbf3b28e1c94704,2853259,2853259
实习生转正答辩.assets/(null)-20260809000959938.(null),assets/实习生转正答辩.assets__(null)-20260809000959938.png,图片,3d3213cc4fe60fade7e2656395649dd9ec9c24af11e3cb2d4223aa20bbadbf50,3d3213cc4fe60fade7e2656395649dd9ec9c24af11e3cb2d4223aa20bbadbf50,2858078,2858078
实习生转正答辩.assets/bits-pre-delivery-review-framework-v2.png,assets/实习生转正答辩.assets__bits-pre-delivery-review-framework-v2.png,图片,7a5c3354b3d36154ec0ce90e86f014700ee6034f2aa1b55750fd9ed5f935da2b,7a5c3354b3d36154ec0ce90e86f014700ee6034f2aa1b55750fd9ed5f935da2b,1257276,1257276
实习生转正答辩.assets/bits-pre-delivery-review-framework.png,assets/实习生转正答辩.assets__bits-pre-delivery-review-framework.png,图片,dace0b7f23e7f699ade6174f9bffb8db993bd2917d2d6401dd4c4014a76063e7,dace0b7f23e7f699ade6174f9bffb8db993bd2917d2d6401dd4c4014a76063e7,170661,170661
实习生转正答辩.assets/bits-pre-delivery-review-framework.svg,assets/实习生转正答辩.assets__bits-pre-delivery-review-framework.svg,图片,7b355075dc0d399d0486cade33f53a773be8b504696b78048cf097a997852164,7b355075dc0d399d0486cade33f53a773be8b504696b78048cf097a997852164,10698,10698
实习生转正答辩.assets/business-access-decision-framework.png,assets/实习生转正答辩.assets__business-access-decision-framework.png,图片,a396f048141f57e6a3f5f7d85301d5740d56f7f4d95efa76316ddeee103e7dda,a396f048141f57e6a3f5f7d85301d5740d56f7f4d95efa76316ddeee103e7dda,115481,115481
实习生转正答辩.assets/business-access-decision-framework.svg,assets/实习生转正答辩.assets__business-access-decision-framework.svg,图片,ebb42cc4f46af605b7b705aff2a7af7db428df467579c18b5e01a9734555298f,ebb42cc4f46af605b7b705aff2a7af7db428df467579c18b5e01a9734555298f,6925,6925
实习生转正答辩.assets/ChatGPT Image 2026年8月6日 11_12_26.png,assets/实习生转正答辩.assets__ChatGPT Image 2026年8月6日 11_12_26.png,图片,1888c91341ba126fb27c8a2dd8957046559974fa3bb44bef8a67faf1a3fdd6f5,1888c91341ba126fb27c8a2dd8957046559974fa3bb44bef8a67faf1a3fdd6f5,62763,62763
实习生转正答辩.assets/ChatGPT Image 2026年8月6日 11_12_26.svg,assets/实习生转正答辩.assets__ChatGPT Image 2026年8月6日 11_12_26.svg,图片,82ef7cd0ea20b8a1963ef4007056206573489d3f224a051253608be2e787c5d9,82ef7cd0ea20b8a1963ef4007056206573489d3f224a051253608be2e787c5d9,4410,4410
实习生转正答辩.assets/ChatGPT Image 2026年8月6日 13_23_22.png,assets/实习生转正答辩.assets__ChatGPT Image 2026年8月6日 13_23_22.png,图片,4dc18d6ff35a57e7b97e65e9268e2e1fcaf27fe8162fbd5a5795845a64a6b0e8,4dc18d6ff35a57e7b97e65e9268e2e1fcaf27fe8162fbd5a5795845a64a6b0e8,126563,126563
实习生转正答辩.assets/ChatGPT Image 2026年8月6日 13_23_22.svg,assets/实习生转正答辩.assets__ChatGPT Image 2026年8月6日 13_23_22.svg,图片,0c89dac702d5e58987a1f86004236c694411983f299bf381bee61fd85044df65,0c89dac702d5e58987a1f86004236c694411983f299bf381bee61fd85044df65,13970,13970
实习生转正答辩.assets/Codex 图像 2026年8月6日 15_52_51.png,assets/实习生转正答辩.assets__Codex 图像 2026年8月6日 15_52_51.png,图片,cfe43a5d5541946849b445ed3d98ab37a8d69f4ceaf2fb973193746249cabc28,cfe43a5d5541946849b445ed3d98ab37a8d69f4ceaf2fb973193746249cabc28,149075,149075
实习生转正答辩.assets/confirm-view-page-refresh-framework.png,assets/实习生转正答辩.assets__confirm-view-page-refresh-framework.png,图片,effa7b003c8ab52c645a2c7f24b49c579cba0d764d34ed57321c41f481e204e6,effa7b003c8ab52c645a2c7f24b49c579cba0d764d34ed57321c41f481e204e6,111067,111067
实习生转正答辩.assets/confirm-view-page-refresh-framework.svg,assets/实习生转正答辩.assets__confirm-view-page-refresh-framework.svg,图片,1eaf5cd3142a5044665abcc19423706426241fdc295d22ecffb19b2157d08c9d,1eaf5cd3142a5044665abcc19423706426241fdc295d22ecffb19b2157d08c9d,5477,5477
实习生转正答辩.assets/cooperation-apply-existing-modal-reuse-framework.png,assets/实习生转正答辩.assets__cooperation-apply-existing-modal-reuse-framework.png,图片,2902416d9ead51f6a39aa9c59cee8d99ac3c633c8280cefc4f65ddd8372bf48a,2902416d9ead51f6a39aa9c59cee8d99ac3c633c8280cefc4f65ddd8372bf48a,114018,114018
实习生转正答辩.assets/cooperation-apply-existing-modal-reuse-framework.svg,assets/实习生转正答辩.assets__cooperation-apply-existing-modal-reuse-framework.svg,图片,f2b5c8712c3e469d330094f47947aafff8e7961bd2195c22c2769ca71366cbca,f2b5c8712c3e469d330094f47947aafff8e7961bd2195c22c2769ca71366cbca,5080,5080
实习生转正答辩.assets/frontend-incremental-coverage-skill-specification-flow.png,assets/实习生转正答辩.assets__frontend-incremental-coverage-skill-specification-flow.png,图片,fbe0544424f69b381cabb51272fb37c164b3f48812e98c51a5c1bd19a538e3ec,fbe0544424f69b381cabb51272fb37c164b3f48812e98c51a5c1bd19a538e3ec,315687,315687
实习生转正答辩.assets/frontend-incremental-coverage-skill-specification-flow.svg,assets/实习生转正答辩.assets__frontend-incremental-coverage-skill-specification-flow.svg,图片,a3e2fdf0a7d5f25c51a72ea6d422a39d033a47c6ae4721b82da82563124c3b99,a3e2fdf0a7d5f25c51a72ea6d422a39d033a47c6ae4721b82da82563124c3b99,5609,5609
实习生转正答辩.assets/image-20260802162210226.png,assets/实习生转正答辩.assets__image-20260802162210226.png,图片,6e22dce2e44efc9f1cceb0c4b25f27dfe2ffc02fd9f8db11145be00a4ff20649,6e22dce2e44efc9f1cceb0c4b25f27dfe2ffc02fd9f8db11145be00a4ff20649,775620,775620
实习生转正答辩.assets/image-20260806113330729.png,assets/实习生转正答辩.assets__image-20260806113330729.png,图片,6cca9a6bb9bf2f2b0626264b2dae3f33acdcfb988344962a8f53f11333dbcb8b,6cca9a6bb9bf2f2b0626264b2dae3f33acdcfb988344962a8f53f11333dbcb8b,803218,803218
实习生转正答辩.assets/image-20260806113411552.png,assets/实习生转正答辩.assets__image-20260806113411552.png,图片,e1616593915ff33f7eb7c3e854c9bd00972cc1c913c8abcd6e21fa5e1f74de15,e1616593915ff33f7eb7c3e854c9bd00972cc1c913c8abcd6e21fa5e1f74de15,1156618,1156618
实习生转正答辩.assets/image-20260806113828827.png,assets/实习生转正答辩.assets__image-20260806113828827.png,图片,d5537072670432e3414ec7f1236a1453487b393ad1d94c4e6ec6e13cb47f1e7a,d5537072670432e3414ec7f1236a1453487b393ad1d94c4e6ec6e13cb47f1e7a,786882,786882
实习生转正答辩.assets/image-20260806113846600.png,assets/实习生转正答辩.assets__image-20260806113846600.png,图片,6c15abf9687c5e0128334aa278ec53c9404e4e2ad5098d1a622954df5f433860,6c15abf9687c5e0128334aa278ec53c9404e4e2ad5098d1a622954df5f433860,1151186,1151186
实习生转正答辩.assets/image-20260806142838968.png,assets/实习生转正答辩.assets__image-20260806142838968.png,图片,82b36f7588faeafb7b578bab1fbc10c68c0f6f4fc5af7de214927ede3d2e4ba7,82b36f7588faeafb7b578bab1fbc10c68c0f6f4fc5af7de214927ede3d2e4ba7,752495,752495
实习生转正答辩.assets/image-20260806142944488.png,assets/实习生转正答辩.assets__image-20260806142944488.png,图片,fb1ff243bf1ee3f07d43c9e6fa31c1016850378f88945331b938ab187ba95680,fb1ff243bf1ee3f07d43c9e6fa31c1016850378f88945331b938ab187ba95680,883059,883059
实习生转正答辩.assets/image-20260806143026184.png,assets/实习生转正答辩.assets__image-20260806143026184.png,图片,b55dd392b3a5e553561518ee8839c84a08990508817ec235e1b22563519640f3,b55dd392b3a5e553561518ee8839c84a08990508817ec235e1b22563519640f3,741974,741974
实习生转正答辩.assets/image-20260806143051736.png,assets/实习生转正答辩.assets__image-20260806143051736.png,图片,239f6016cdae7062f8098be8ad7817058f5de44f301dcf97e2743209afa108bb,239f6016cdae7062f8098be8ad7817058f5de44f301dcf97e2743209afa108bb,831961,831961
实习生转正答辩.assets/image-20260806143934549.png,assets/实习生转正答辩.assets__image-20260806143934549.png,图片,9f80b9f84582a6ec888d8a37651ca89cae6590963daab0f25493a824d527ae04,9f80b9f84582a6ec888d8a37651ca89cae6590963daab0f25493a824d527ae04,878784,878784
实习生转正答辩.assets/image-20260806144119278.png,assets/实习生转正答辩.assets__image-20260806144119278.png,图片,dec898bab8964b56987002ed9b19676cf67d8cfecc7ba6e7d9a9e8e6cdcf0a12,dec898bab8964b56987002ed9b19676cf67d8cfecc7ba6e7d9a9e8e6cdcf0a12,1053226,1053226
实习生转正答辩.assets/image-20260806144211928.png,assets/实习生转正答辩.assets__image-20260806144211928.png,图片,9a2114cb50fde942434b915c11619736189d0ae91d28eea0402b2d95ce3aef69,9a2114cb50fde942434b915c11619736189d0ae91d28eea0402b2d95ce3aef69,1150266,1150266
实习生转正答辩.assets/mock-skill-specification-flow.png,assets/实习生转正答辩.assets__mock-skill-specification-flow.png,图片,9b50c80bd088cb9af31b148c1441e7c1fc6d5976d4caabbdcf77c7a322768eb3,9b50c80bd088cb9af31b148c1441e7c1fc6d5976d4caabbdcf77c7a322768eb3,295547,295547
实习生转正答辩.assets/mock-skill-specification-flow.svg,assets/实习生转正答辩.assets__mock-skill-specification-flow.svg,图片,4c201f1a0362f0f97e86b3c7a3f88d2adbc2e67f81f45cec1fc3dfadec05cf22,4c201f1a0362f0f97e86b3c7a3f88d2adbc2e67f81f45cec1fc3dfadec05cf22,5116,5116
实习生转正答辩.assets/permission-action-refresh-swimlane.png,assets/实习生转正答辩.assets__permission-action-refresh-swimlane.png,图片,9c44ac4b736be966f5df5a3bfa008c56ade5d3bb6d8c1e20a46b8f68b3aeacd0,9c44ac4b736be966f5df5a3bfa008c56ade5d3bb6d8c1e20a46b8f68b3aeacd0,114684,114684
实习生转正答辩.assets/permission-component-unified-handling-framework.png,assets/实习生转正答辩.assets__permission-component-unified-handling-framework.png,图片,7fda66f77c62bd695cb01f03df7237da1aa6180b9e5ef604b9eb5d973d9a607a,7fda66f77c62bd695cb01f03df7237da1aa6180b9e5ef604b9eb5d973d9a607a,127945,127945
实习生转正答辩.assets/permission-component-unified-handling-framework.svg,assets/实习生转正答辩.assets__permission-component-unified-handling-framework.svg,图片,0a5e60fd97d5befab0db92635ec69943632df247c0017c859930afd49593c164,0a5e60fd97d5befab0db92635ec69943632df247c0017c859930afd49593c164,7105,7105
实习生转正答辩.assets/permission-global-page-component-framework.png,assets/实习生转正答辩.assets__permission-global-page-component-framework.png,图片,996fa7b8f81b509a7912a002ccd6bcdb52fb696efdc12044f74fdbf0c724f3b4,996fa7b8f81b509a7912a002ccd6bcdb52fb696efdc12044f74fdbf0c724f3b4,148714,148714
实习生转正答辩.assets/permission-global-page-component-framework.svg,assets/实习生转正答辩.assets__permission-global-page-component-framework.svg,图片,ad6753bbecd69f0e4c8df1e0c3f11d308d12dcd6cf4d9b5bc471da38a5dab97b,ad6753bbecd69f0e4c8df1e0c3f11d308d12dcd6cf4d9b5bc471da38a5dab97b,9684,9684
实习生转正答辩.assets/permission-operation-dependencies-framework-v2.png,assets/实习生转正答辩.assets__permission-operation-dependencies-framework-v2.png,图片,9657e8d1139b7274c1cd4c1a084c9768395f130d94e2eb6abe95852c34d82b91,9657e8d1139b7274c1cd4c1a084c9768395f130d94e2eb6abe95852c34d82b91,1093856,1093856
实习生转正答辩.assets/permission-operation-dependencies-framework.png,assets/实习生转正答辩.assets__permission-operation-dependencies-framework.png,图片,9657e8d1139b7274c1cd4c1a084c9768395f130d94e2eb6abe95852c34d82b91,9657e8d1139b7274c1cd4c1a084c9768395f130d94e2eb6abe95852c34d82b91,1093856,1093856
实习生转正答辩.assets/permission-operation-dependencies-framework.svg,assets/实习生转正答辩.assets__permission-operation-dependencies-framework.svg,图片,81ea0ed6aac70c7125c01b02f2973494b6c809da87c62b9cd43e9855488d6bd8,81ea0ed6aac70c7125c01b02f2973494b6c809da87c62b9cd43e9855488d6bd8,7991,7991
实习生转正答辩.assets/repair-specification-framework.png,assets/实习生转正答辩.assets__repair-specification-framework.png,图片,eda99669e2ecc429710f23b3cf9a99eb0c0a09feb37a2b45b5255bb6286dd7a5,eda99669e2ecc429710f23b3cf9a99eb0c0a09feb37a2b45b5255bb6286dd7a5,143144,143144
实习生转正答辩.assets/repair-specification-framework.svg,assets/实习生转正答辩.assets__repair-specification-framework.svg,图片,3e763d112b68787ddf02ff589ba7e2d9f094eae0b81f838ea03f8b4af2929610,3e763d112b68787ddf02ff589ba7e2d9f094eae0b81f838ea03f8b4af2929610,8387,8387
实习生转正答辩.assets/scaled-operations-agent-framework.png,assets/实习生转正答辩.assets__scaled-operations-agent-framework.png,图片,363d5b36e13c75ee9e9178f5ab849561f131ecfc69df2a6c3543b28ff9984085,363d5b36e13c75ee9e9178f5ab849561f131ecfc69df2a6c3543b28ff9984085,686574,686574
实习生转正答辩.assets/scaled-operations-agent-framework.svg,assets/实习生转正答辩.assets__scaled-operations-agent-framework.svg,图片,cfa3ce51a4522b863ac89d63326ac0a9eb629cda471c73e479b29d5d897b0387,cfa3ce51a4522b863ac89d63326ac0a9eb629cda471c73e479b29d5d897b0387,10386,10386
实习生转正答辩.assets/test-case-mock-rule-framework-v2.png,assets/实习生转正答辩.assets__test-case-mock-rule-framework-v2.png,图片,1a65d41d7e0a564255ea85b4e724d5e6c798f452b0980f1fb620e91ed1ca12c0,1a65d41d7e0a564255ea85b4e724d5e6c798f452b0980f1fb620e91ed1ca12c0,136583,136583
实习生转正答辩.assets/test-case-mock-rule-framework.png,assets/实习生转正答辩.assets__test-case-mock-rule-framework.png,图片,1a65d41d7e0a564255ea85b4e724d5e6c798f452b0980f1fb620e91ed1ca12c0,1a65d41d7e0a564255ea85b4e724d5e6c798f452b0980f1fb620e91ed1ca12c0,136583,136583
实习生转正答辩.assets/test-case-mock-rule-framework.svg,assets/实习生转正答辩.assets__test-case-mock-rule-framework.svg,图片,11fcb19d2122850297dbfdd80018834cad722a290986943ae57e86df5a5fb4cb,11fcb19d2122850297dbfdd80018834cad722a290986943ae57e86df5a5fb4cb,8193,8193
实习生转正答辩.assets/verify-evidence-test-case-framework-v2.png,assets/实习生转正答辩.assets__verify-evidence-test-case-framework-v2.png,图片,adeeae38467ad044b03e9944c704b5eb59ee816091fd6c5cf17a0b71899c8a31,adeeae38467ad044b03e9944c704b5eb59ee816091fd6c5cf17a0b71899c8a31,117597,117597
实习生转正答辩.assets/verify-evidence-test-case-framework-v2.svg,assets/实习生转正答辩.assets__verify-evidence-test-case-framework-v2.svg,图片,611ed7cc013d89b586021f8f5000bf2d3b035abee8210f49f3b12cc58f67a073,611ed7cc013d89b586021f8f5000bf2d3b035abee8210f49f3b12cc58f67a073,8492,8492
实习生转正答辩.assets/verify-evidence-test-case-framework.png,assets/实习生转正答辩.assets__verify-evidence-test-case-framework.png,图片,94d8838d080ccc920e833c418324356dc3128754b9d81edb960b555302ff0039,94d8838d080ccc920e833c418324356dc3128754b9d81edb960b555302ff0039,338288,338288
实习生转正答辩.assets/verify-evidence-test-case-framework.svg,assets/实习生转正答辩.assets__verify-evidence-test-case-framework.svg,图片,a9b121f1c49b02e4f36d8eeba3e7bcc8f3b27f16e9c5e372ad44ee23c2c1407c,a9b121f1c49b02e4f36d8eeba3e7bcc8f3b27f16e9c5e372ad44ee23c2c1407c,7032,7032
戴乐实习生转正答辩_assets/ai-coding-workflow-framework-v2.png,assets/戴乐实习生转正答辩_assets__ai-coding-workflow-framework-v2.png,图片,ff0a8621662b95427392b413704d583ef613b9276695cd9931f13083420d57ab,ff0a8621662b95427392b413704d583ef613b9276695cd9931f13083420d57ab,1222092,1222092
戴乐实习生转正答辩_assets/ai-coding-workflow-framework-v3.png,assets/戴乐实习生转正答辩_assets__ai-coding-workflow-framework-v3.png,图片,68925d9270df936b9826906993a4052cff7bc682f347f8384a73fc7819ef6b01,68925d9270df936b9826906993a4052cff7bc682f347f8384a73fc7819ef6b01,1227531,1227531
戴乐实习生转正答辩_assets/ai-coding-workflow-framework.png,assets/戴乐实习生转正答辩_assets__ai-coding-workflow-framework.png,图片,f14f33819592d4ec052f4e320bc24c90b8e037d940d8fb97b9bb798bf94d9074,f14f33819592d4ec052f4e320bc24c90b8e037d940d8fb97b9bb798bf94d9074,1091847,1091847
戴乐实习生转正答辩_assets/attachment-01.mp4,history/戴乐实习生转正答辩_assets__attachment-01.mp4,归档,1d4930d31360ad6aa227cef0d2b4d0203a5179a39790a84703b6233deb81b2d0,1d4930d31360ad6aa227cef0d2b4d0203a5179a39790a84703b6233deb81b2d0,34371330,34371330
戴乐实习生转正答辩_assets/front-backend-permission-swimlane.png,assets/戴乐实习生转正答辩_assets__front-backend-permission-swimlane.png,图片,d99f1345187aef287a3256609095d3f5d074a3720f0436be46d77066b1120b11,d99f1345187aef287a3256609095d3f5d074a3720f0436be46d77066b1120b11,587149,587149
戴乐实习生转正答辩_assets/front-backend-permission-swimlane.svg,assets/戴乐实习生转正答辩_assets__front-backend-permission-swimlane.svg,图片,0c83bfed49a3b3342ed7eeba28de0c2196857b585e00d0ca4f06a79ac1d05e84,0c83bfed49a3b3342ed7eeba28de0c2196857b585e00d0ca4f06a79ac1d05e84,10629,10629
戴乐实习生转正答辩_assets/image-01.png,assets/戴乐实习生转正答辩_assets__image-01.png,图片,14d81e831003d21287cf3b57a9168cd743b226be1514f9dd5bf1f24bbaa740fe,14d81e831003d21287cf3b57a9168cd743b226be1514f9dd5bf1f24bbaa740fe,159894,159894
戴乐实习生转正答辩_assets/image-02.png,assets/戴乐实习生转正答辩_assets__image-02.png,图片,8bf4613e442fc7efbd177389756a4e4449b13ea00810c159bd40b81677fc28d5,8bf4613e442fc7efbd177389756a4e4449b13ea00810c159bd40b81677fc28d5,59377,59377
戴乐实习生转正答辩_assets/image-03.png,assets/戴乐实习生转正答辩_assets__image-03.png,图片,e42b97c3f67baac497e3afddde76acabf61f434c9548d19bc29f79901ca37b2c,e42b97c3f67baac497e3afddde76acabf61f434c9548d19bc29f79901ca37b2c,120838,120838
戴乐实习生转正答辩_assets/image-04.png,assets/戴乐实习生转正答辩_assets__image-04.png,图片,612586280c6bdd2963b86a63a2df19eca21ba8b0b09df7b623da08542d8bf3d3,612586280c6bdd2963b86a63a2df19eca21ba8b0b09df7b623da08542d8bf3d3,58851,58851
戴乐实习生转正答辩_assets/image-05.png,assets/戴乐实习生转正答辩_assets__image-05.png,图片,3af61ae71eba128f4d102ce53f0107885bce80e06f769e3e7f3491dcb6c7a17b,3af61ae71eba128f4d102ce53f0107885bce80e06f769e3e7f3491dcb6c7a17b,87393,87393
戴乐实习生转正答辩_assets/image-06.png,assets/戴乐实习生转正答辩_assets__image-06.png,图片,c9fa01c6f9186870d96e397f58decb5e2fb6c6e1957bbb44da53726d144f00d7,c9fa01c6f9186870d96e397f58decb5e2fb6c6e1957bbb44da53726d144f00d7,275019,275019
戴乐实习生转正答辩_assets/image-07.png,assets/戴乐实习生转正答辩_assets__image-07.png,图片,50b5be80443b9c1233d79f4d68307b91a18c8c790a53eca084ab797481f5c8b1,50b5be80443b9c1233d79f4d68307b91a18c8c790a53eca084ab797481f5c8b1,75676,75676
戴乐实习生转正答辩_assets/image-08.png,assets/戴乐实习生转正答辩_assets__image-08.png,图片,6c88bd6f626c3a24c7bfbe63c18030275758fd68184b4da8ecae97804f23adc5,6c88bd6f626c3a24c7bfbe63c18030275758fd68184b4da8ecae97804f23adc5,128286,128286
戴乐实习生转正答辩_assets/image-09.png,assets/戴乐实习生转正答辩_assets__image-09.png,图片,1e7b763e66a625297879925ea5e701a803ed9a686f0b9e8654472dfd5400cbdb,1e7b763e66a625297879925ea5e701a803ed9a686f0b9e8654472dfd5400cbdb,38940,38940
戴乐实习生转正答辩_assets/image-10.png,assets/戴乐实习生转正答辩_assets__image-10.png,图片,4850692326bc9a938aac43d9ec349675687fb81d2c1c15e6282b38ca90c31bbb,4850692326bc9a938aac43d9ec349675687fb81d2c1c15e6282b38ca90c31bbb,394839,394839
戴乐实习生转正答辩_assets/image-11.png,assets/戴乐实习生转正答辩_assets__image-11.png,图片,6a95bb90b5eddeeb4c3efbd1fc5166310d7ab49c6ba6911eefb9f1b775a0f1a7,6a95bb90b5eddeeb4c3efbd1fc5166310d7ab49c6ba6911eefb9f1b775a0f1a7,238488,238488
戴乐实习生转正答辩_assets/image-12.png,assets/戴乐实习生转正答辩_assets__image-12.png,图片,d19bfa2163ceb73f67a6c3dbe62777effc3b76e8a13e1424f46f2b1abcec09c0,d19bfa2163ceb73f67a6c3dbe62777effc3b76e8a13e1424f46f2b1abcec09c0,238347,238347
戴乐实习生转正答辩_assets/image-13.png,assets/戴乐实习生转正答辩_assets__image-13.png,图片,540596d83ed005df487813a36a60f4e63a468b567c2ec7bc67f42053683b1ea2,540596d83ed005df487813a36a60f4e63a468b567c2ec7bc67f42053683b1ea2,498786,498786
戴乐实习生转正答辩_assets/image-14.png,assets/戴乐实习生转正答辩_assets__image-14.png,图片,74f32ed8b8f782064da9a800b03d212a1f6f04e72a0cb08f217b417e8825f165,74f32ed8b8f782064da9a800b03d212a1f6f04e72a0cb08f217b417e8825f165,399054,399054
戴乐实习生转正答辩_assets/image-15.png,assets/戴乐实习生转正答辩_assets__image-15.png,图片,f21019da4256d846e56b9fe2fa0c4dfaa1b77f3c9c6daacdb91255871d80e422,f21019da4256d846e56b9fe2fa0c4dfaa1b77f3c9c6daacdb91255871d80e422,306647,306647
戴乐实习生转正答辩_assets/image-16.png,assets/戴乐实习生转正答辩_assets__image-16.png,图片,737aa0ff67bc86188118bbcebbddcbd1e045856e5f66b553a539e848cd7de052,737aa0ff67bc86188118bbcebbddcbd1e045856e5f66b553a539e848cd7de052,50341,50341
戴乐实习生转正答辩_assets/image-17.png,assets/戴乐实习生转正答辩_assets__image-17.png,图片,c745a69afedf8927c74bb9a62c10c39cc741f64cd2b626212940687f9469510b,c745a69afedf8927c74bb9a62c10c39cc741f64cd2b626212940687f9469510b,128408,128408
戴乐实习生转正答辩_assets/image-18.png,assets/戴乐实习生转正答辩_assets__image-18.png,图片,badda6420d57387e92b4da72eadeb9314a61ed6d19355fde3fc5a6616ac1ce01,badda6420d57387e92b4da72eadeb9314a61ed6d19355fde3fc5a6616ac1ce01,137309,137309
戴乐实习生转正答辩_assets/image-19.png,assets/戴乐实习生转正答辩_assets__image-19.png,图片,cf32ec9a5800d599c2612ae9cb0cdff6d5579613c2552da5e59f253fee7bb215,cf32ec9a5800d599c2612ae9cb0cdff6d5579613c2552da5e59f253fee7bb215,174153,174153
戴乐实习生转正答辩_assets/image-20.png,assets/戴乐实习生转正答辩_assets__image-20.png,图片,e2782058c72fe6a32b1c1784dd609c5c09be2b052813adb60a133baa09a104ad,e2782058c72fe6a32b1c1784dd609c5c09be2b052813adb60a133baa09a104ad,258070,258070
戴乐实习生转正答辩_assets/permission-action-refresh-swimlane.png,assets/戴乐实习生转正答辩_assets__permission-action-refresh-swimlane.png,图片,9c44ac4b736be966f5df5a3bfa008c56ade5d3bb6d8c1e20a46b8f68b3aeacd0,9c44ac4b736be966f5df5a3bfa008c56ade5d3bb6d8c1e20a46b8f68b3aeacd0,114684,114684
戴乐实习生转正答辩_assets/permission-action-refresh-swimlane.svg,assets/戴乐实习生转正答辩_assets__permission-action-refresh-swimlane.svg,图片,094d6bb3e39896a4bcf5159fb44fc99d1fc225035d6ed165c3ae1f1e4cbf58d2,094d6bb3e39896a4bcf5159fb44fc99d1fc225035d6ed165c3ae1f1e4cbf58d2,9041,9041
戴乐实习生转正答辩_assets/permission-status-swimlane.png,assets/戴乐实习生转正答辩_assets__permission-status-swimlane.png,图片,b005dc4a19ca37cb44e55f69b68a9112057b1817fe6a621c5fa03468dae33f3a,b005dc4a19ca37cb44e55f69b68a9112057b1817fe6a621c5fa03468dae33f3a,131031,131031
戴乐实习生转正答辩_assets/permission-status-swimlane.svg,assets/戴乐实习生转正答辩_assets__permission-status-swimlane.svg,图片,60127762ca2ba25d3311cd9a5e4406973851cb135bfe4cafda31c260cc8564e7,60127762ca2ba25d3311cd9a5e4406973851cb135bfe4cafda31c260cc8564e7,6386,6386
戴乐实习生转正答辩_assets/whiteboard-01.jpg,assets/戴乐实习生转正答辩_assets__whiteboard-01.jpg,图片,da2086710dde8a6a3ef6cec6d4ed697b1d54e381f8e6ec19385b5d81a9e8ad9b,da2086710dde8a6a3ef6cec6d4ed697b1d54e381f8e6ec19385b5d81a9e8ad9b,76091,76091
戴乐实习生转正答辩_assets/whiteboard-01.json,history/戴乐实习生转正答辩_assets__whiteboard-01.json,归档,8d73cc8afb984fb1242372e7e43aa466d1cba80ca5f20860ee4b62995e668f68,8d73cc8afb984fb1242372e7e43aa466d1cba80ca5f20860ee4b62995e668f68,17912,17912
戴乐实习生转正答辩_assets/whiteboard-02.jpg,assets/戴乐实习生转正答辩_assets__whiteboard-02.jpg,图片,5bce7bc4a2d0f3187b44c6f8734a538cd345bc511edf64dd561ae0983d97c3dc,5bce7bc4a2d0f3187b44c6f8734a538cd345bc511edf64dd561ae0983d97c3dc,176811,176811
戴乐实习生转正答辩_assets/whiteboard-02.json,history/戴乐实习生转正答辩_assets__whiteboard-02.json,归档,134359416c820f5032b73b5bc507ab3f1f0e31ce3ac937dad732e3ac065f2e63,134359416c820f5032b73b5bc507ab3f1f0e31ce3ac937dad732e3ac065f2e63,49742,49742
戴乐实习生转正答辩_assets/whiteboard-03.jpg,assets/戴乐实习生转正答辩_assets__whiteboard-03.jpg,图片,38cda362e443c7d27ddb7c09283421d98826f9e0a0aa171107aade999dde5365,38cda362e443c7d27ddb7c09283421d98826f9e0a0aa171107aade999dde5365,191829,191829
戴乐实习生转正答辩_assets/whiteboard-03.json,history/戴乐实习生转正答辩_assets__whiteboard-03.json,归档,aae37c46dd5e7f3613dc082f88f9b145b8c2f4e9dd46e605d84b77db14c66487,aae37c46dd5e7f3613dc082f88f9b145b8c2f4e9dd46e605d84b77db14c66487,61631,61631
戴乐实习生转正答辩_assets/whiteboard-04.jpg,assets/戴乐实习生转正答辩_assets__whiteboard-04.jpg,图片,7384c6d6859889301e99d5d01aace988792893cc063ba4f20558c5887d88471e,7384c6d6859889301e99d5d01aace988792893cc063ba4f20558c5887d88471e,370558,370558
戴乐实习生转正答辩_assets/whiteboard-04.json,history/戴乐实习生转正答辩_assets__whiteboard-04.json,归档,1ba6fdb77fe46daee1894deaa7d3239babe6163e34dc56a49dcca6fa54528f84,1ba6fdb77fe46daee1894deaa7d3239babe6163e34dc56a49dcca6fa54528f84,149953,149953
戴乐实习生转正答辩_assets/whiteboard-05.jpg,assets/戴乐实习生转正答辩_assets__whiteboard-05.jpg,图片,36addcbf213d07231278fddbfdd4117309573546a5a6904e1add9ed56630fc30,36addcbf213d07231278fddbfdd4117309573546a5a6904e1add9ed56630fc30,199111,199111
戴乐实习生转正答辩_assets/whiteboard-05.json,history/戴乐实习生转正答辩_assets__whiteboard-05.json,归档,aa44705107525dd71d2e24603b229bdb023ae574626e0ee407e3cce6b33c3adb,aa44705107525dd71d2e24603b229bdb023ae574626e0ee407e3cce6b33c3adb,85620,85620
戴乐实习生转正答辩_assets/whiteboard-06.jpg,assets/戴乐实习生转正答辩_assets__whiteboard-06.jpg,图片,5f3ab6aefcf6f61d9c54b30db05748c1cac292eb010d61ea414c37fa8a469f71,5f3ab6aefcf6f61d9c54b30db05748c1cac292eb010d61ea414c37fa8a469f71,118379,118379
戴乐实习生转正答辩_assets/whiteboard-06.json,history/戴乐实习生转正答辩_assets__whiteboard-06.json,归档,b4d5a0f420a9fed1705a371c9520f390485e4e505bdca99e332b15eefe57f0c3,b4d5a0f420a9fed1705a371c9520f390485e4e505bdca99e332b15eefe57f0c3,32642,32642
戴乐实习生转正答辩_assets/whiteboard-07.jpg,assets/戴乐实习生转正答辩_assets__whiteboard-07.jpg,图片,6c7c48c589192e444fc0112c2708c9a85b800397fbebf21a823124e5f9ea8031,6c7c48c589192e444fc0112c2708c9a85b800397fbebf21a823124e5f9ea8031,134315,134315
戴乐实习生转正答辩_assets/whiteboard-07.json,history/戴乐实习生转正答辩_assets__whiteboard-07.json,归档,747d5e93654dae149a739b334dc54314fffc3822bdb5fb796027c102346f64d2,747d5e93654dae149a739b334dc54314fffc3822bdb5fb796027c102346f64d2,18878,18878
戴乐实习生转正答辩_assets/whiteboard-08.jpg,assets/戴乐实习生转正答辩_assets__whiteboard-08.jpg,图片,04958df390c7791b05b05c9ae91988398ad1679f1bd56a4ba0d7ebd6a49e94ad,04958df390c7791b05b05c9ae91988398ad1679f1bd56a4ba0d7ebd6a49e94ad,234491,234491
戴乐实习生转正答辩_assets/whiteboard-08.json,history/戴乐实习生转正答辩_assets__whiteboard-08.json,归档,1e27714b75a06efa493ddea7c75a263eb3439d2d0e4811a14fd18cb1a647ff86,1e27714b75a06efa493ddea7c75a263eb3439d2d0e4811a14fd18cb1a647ff86,26123,26123
戴乐实习生转正答辩_assets/whiteboard-09.jpg,assets/戴乐实习生转正答辩_assets__whiteboard-09.jpg,图片,05e989fd5f986944b05112b0c915668e819a82bad667483fa0487c55e596c61a,05e989fd5f986944b05112b0c915668e819a82bad667483fa0487c55e596c61a,225045,225045
戴乐实习生转正答辩_assets/whiteboard-09.json,history/戴乐实习生转正答辩_assets__whiteboard-09.json,归档,90e7a8e8c1f9c39523cab4a5371cb8905b7b348b5095f4efca4c48ead950dd6f,90e7a8e8c1f9c39523cab4a5371cb8905b7b348b5095f4efca4c48ead950dd6f,108117,108117
戴乐实习生转正答辩_assets/whiteboard-10.jpg,assets/戴乐实习生转正答辩_assets__whiteboard-10.jpg,图片,de311009e04d2516cbe751d6b87633272f1104a15b07e77019f3c156a3505d1b,de311009e04d2516cbe751d6b87633272f1104a15b07e77019f3c156a3505d1b,176557,176557
戴乐实习生转正答辩_assets/whiteboard-10.json,history/戴乐实习生转正答辩_assets__whiteboard-10.json,归档,16a6db4d26ebd79f7129187cb9c74c91f0d8aa2d59bfbda1d369d10a08162002,16a6db4d26ebd79f7129187cb9c74c91f0d8aa2d59bfbda1d369d10a08162002,43516,43516
戴乐实习生转正答辩_assets/whiteboard-11.jpg,assets/戴乐实习生转正答辩_assets__whiteboard-11.jpg,图片,218f80ea266348531067c213d86e937a0ab3085c87f265b77fefe6c30989233d,218f80ea266348531067c213d86e937a0ab3085c87f265b77fefe6c30989233d,278370,278370
戴乐实习生转正答辩_assets/whiteboard-11.json,history/戴乐实习生转正答辩_assets__whiteboard-11.json,归档,a136ee20a6acfaad30894e7f8d7abc084ce884d7689057688a700537aad9b546,a136ee20a6acfaad30894e7f8d7abc084ce884d7689057688a700537aad9b546,56791,56791
戴乐实习生转正答辩_assets/whiteboard-12.jpg,assets/戴乐实习生转正答辩_assets__whiteboard-12.jpg,图片,4eadd6a95bbac2d1b3498b3ae0eaa1db10600a63caa15dba0b73a2cb24ab3e2b,4eadd6a95bbac2d1b3498b3ae0eaa1db10600a63caa15dba0b73a2cb24ab3e2b,118354,118354
戴乐实习生转正答辩_assets/whiteboard-12.json,history/戴乐实习生转正答辩_assets__whiteboard-12.json,归档,0d15e54e9b70ff627942d126b90da69e4f640251883c2c3f91a934202af5e30f,0d15e54e9b70ff627942d126b90da69e4f640251883c2c3f91a934202af5e30f,20828,20828
戴乐实习生转正答辩_assets/whiteboard-13.jpg,assets/戴乐实习生转正答辩_assets__whiteboard-13.jpg,图片,03aae2d885885d4ce6c603478da592c513c6076f8b86feb2f56d57f13a067cbf,03aae2d885885d4ce6c603478da592c513c6076f8b86feb2f56d57f13a067cbf,158596,158596
戴乐实习生转正答辩_assets/whiteboard-13.json,history/戴乐实习生转正答辩_assets__whiteboard-13.json,归档,968a9128e2fee17921cad1b4e3fde409d306ced67b7249bdf3d38a96185683d1,968a9128e2fee17921cad1b4e3fde409d306ced67b7249bdf3d38a96185683d1,62954,62954
戴乐实习生转正答辩_assets/whiteboard-14.jpg,assets/戴乐实习生转正答辩_assets__whiteboard-14.jpg,图片,c992330cc4ffb226355b3f06dde808725def65a210a198c19e603bc12ef309fb,c992330cc4ffb226355b3f06dde808725def65a210a198c19e603bc12ef309fb,109704,109704
戴乐实习生转正答辩_assets/whiteboard-14.json,history/戴乐实习生转正答辩_assets__whiteboard-14.json,归档,943e1121712889afe83970e7a6102b8aa7d2e2920a577363fcb2481ab3748cd8,943e1121712889afe83970e7a6102b8aa7d2e2920a577363fcb2481ab3748cd8,6301,6301
戴乐实习生转正答辩_assets/whiteboard-15.jpg,assets/戴乐实习生转正答辩_assets__whiteboard-15.jpg,图片,254bb520fde42cbbc02255f35ea84fb0fc2b9caaa713a6f4a2b2274399040237,254bb520fde42cbbc02255f35ea84fb0fc2b9caaa713a6f4a2b2274399040237,124248,124248
戴乐实习生转正答辩_assets/whiteboard-15.json,history/戴乐实习生转正答辩_assets__whiteboard-15.json,归档,4ce05f5470c46a1a0becf634493f2f1824ecfb87fc4abf319f9b3720a4fbb3b2,4ce05f5470c46a1a0becf634493f2f1824ecfb87fc4abf319f9b3720a4fbb3b2,38783,38783
戴乐实习生转正答辩_assets/whiteboard-16.jpg,assets/戴乐实习生转正答辩_assets__whiteboard-16.jpg,图片,2a5130fa4cc9b5342119922e2c24c5958bcc2ae4658b9bad2853d6aca8120553,2a5130fa4cc9b5342119922e2c24c5958bcc2ae4658b9bad2853d6aca8120553,120316,120316
戴乐实习生转正答辩_assets/whiteboard-16.json,history/戴乐实习生转正答辩_assets__whiteboard-16.json,归档,fad0f8c2ef71a80d2a7133ec33fbe54bac73a4e9685476cf450958eac2edf0aa,fad0f8c2ef71a80d2a7133ec33fbe54bac73a4e9685476cf450958eac2edf0aa,79666,79666
戴乐实习生转正答辩_assets/whiteboard-17.jpg,assets/戴乐实习生转正答辩_assets__whiteboard-17.jpg,图片,fe53007088be50cf7a39bf1ee3e97c7bb8d29c8bfcccec159bec242c32b74506,fe53007088be50cf7a39bf1ee3e97c7bb8d29c8bfcccec159bec242c32b74506,115709,115709
戴乐实习生转正答辩_assets/whiteboard-17.json,history/戴乐实习生转正答辩_assets__whiteboard-17.json,归档,4367b23dc438285514b89e75031c97a02410916bd29adff4f0f3d40ecef5c4b1,4367b23dc438285514b89e75031c97a02410916bd29adff4f0f3d40ecef5c4b1,27606,27606
杨帆的视频会议.assets/raw/source.md,history/杨帆的视频会议.assets__raw__source.md,归档,6aaff43b96edbdbacfd9ba225e6972d514409717919029565df4b9ec7257a623,6aaff43b96edbdbacfd9ba225e6972d514409717919029565df4b9ec7257a623,50025,50025
杨帆的视频会议.assets/raw/source.xml,history/杨帆的视频会议.assets__raw__source.xml,归档,324d87ddf1231e41bc7b02d07efc10798efe8f5a4a1acbbbc4f4595a01b0ec72,324d87ddf1231e41bc7b02d07efc10798efe8f5a4a1acbbbc4f4595a01b0ec72,51081,51081
电商内容生态达人库白皮书.assets/media/image-001-CCYqbwuyLooBAjx8uezc5b4knQy.png,assets/电商内容生态达人库白皮书.assets__media__image-001-CCYqbwuyLooBAjx8uezc5b4knQy.png,图片,1ebde03c1d54e0620cf1afcaee39da3cbe0824e4261128d8346e2b8e473fe3c6,1ebde03c1d54e0620cf1afcaee39da3cbe0824e4261128d8346e2b8e473fe3c6,331346,331346
电商内容生态达人库白皮书.assets/media/image-002-R7C9b3QHcodBedxJnzRcZYXPnFc.png,assets/电商内容生态达人库白皮书.assets__media__image-002-R7C9b3QHcodBedxJnzRcZYXPnFc.png,图片,3f22176f803d07d6bba7fd4828cebe2a9e2da29eb1716b3aab1aecb688237106,3f22176f803d07d6bba7fd4828cebe2a9e2da29eb1716b3aab1aecb688237106,1168630,1168630
电商内容生态达人库白皮书.assets/media/image-003-GJw3bkKgSoXCMMxR5CpcyA83nGc.png,assets/电商内容生态达人库白皮书.assets__media__image-003-GJw3bkKgSoXCMMxR5CpcyA83nGc.png,图片,c7ca718ef93fa2ba6f8cabb31e893955b3516e8e0786a1d7897d12c2c2d5cde2,c7ca718ef93fa2ba6f8cabb31e893955b3516e8e0786a1d7897d12c2c2d5cde2,350716,350716
电商内容生态达人库白皮书.assets/media/image-004-VfPbbFkTioDO1ZxdCFEcxh11nIh.png,assets/电商内容生态达人库白皮书.assets__media__image-004-VfPbbFkTioDO1ZxdCFEcxh11nIh.png,图片,ede2bdd499f6cc944292a864f6d88b7b4fc2af9aef3c9e4bb9eb1fa2615fd8e7,ede2bdd499f6cc944292a864f6d88b7b4fc2af9aef3c9e4bb9eb1fa2615fd8e7,370397,370397
电商内容生态达人库白皮书.assets/media/image-005-Pt6AbdecJoLdj6xGGRhcrvY4nNM.png,assets/电商内容生态达人库白皮书.assets__media__image-005-Pt6AbdecJoLdj6xGGRhcrvY4nNM.png,图片,1e440c6354e6d8f15ffe08fcd0cbec9532d99deb12444d2ae961fec36f4780c6,1e440c6354e6d8f15ffe08fcd0cbec9532d99deb12444d2ae961fec36f4780c6,87503,87503
电商内容生态达人库白皮书.assets/raw/source.md,history/电商内容生态达人库白皮书.assets__raw__source.md,归档,52b50547462df12c632ef8281412946d97a15ccbb0c0bf3c815a6d4c0469b126,52b50547462df12c632ef8281412946d97a15ccbb0c0bf3c815a6d4c0469b126,13520,13520
电商内容生态达人库白皮书.assets/raw/source.xml,history/电商内容生态达人库白皮书.assets__raw__source.xml,归档,441fe5ef6ccf6d575ac71a2ca7659db1f9978b7809a3a4715b506c7512bee17d,441fe5ef6ccf6d575ac71a2ca7659db1f9978b7809a3a4715b506c7512bee17d,21155,21155
电商内容生态达人库白皮书.assets/whiteboards/whiteboard-001-Rs2tw165QhmInObuacBcGZ1jnif-preview.jpg,assets/电商内容生态达人库白皮书.assets__whiteboards__whiteboard-001-Rs2tw165QhmInObuacBcGZ1jnif-preview.jpg,图片,3529c3f2303c9b13520421c982166ccf4669816e46a4ad09f391838df5c81c81,3529c3f2303c9b13520421c982166ccf4669816e46a4ad09f391838df5c81c81,215849,215849
电商内容生态达人库白皮书.assets/whiteboards/whiteboard-001-Rs2tw165QhmInObuacBcGZ1jnif.raw.json,history/电商内容生态达人库白皮书.assets__whiteboards__whiteboard-001-Rs2tw165QhmInObuacBcGZ1jnif.raw.json,归档,906a6a62eb7f0f55687b3f2540b82621fdebaf638b273c65dd1c9252800e926f,906a6a62eb7f0f55687b3f2540b82621fdebaf638b273c65dd1c9252800e926f,148117,148117
电商内容生态达人库白皮书.assets/whiteboards/whiteboard-001-Rs2tw165QhmInObuacBcGZ1jnif.svg,assets/电商内容生态达人库白皮书.assets__whiteboards__whiteboard-001-Rs2tw165QhmInObuacBcGZ1jnif.svg,图片,1f73c5a8ea630096f5498cb632e244f5f053a98ef81d2303bd16529430a9c81e,1f73c5a8ea630096f5498cb632e244f5f053a98ef81d2303bd16529430a9c81e,65515,65515
答辩问题记录 (copy).assets/image-20260826141607871.png,assets/答辩问题记录 (copy).assets__image-20260826141607871.png,图片,0e0fce00893012357a6ba5e9b775e88d77cc84d2f19fe1c5faa857e4d20fc107,0e0fce00893012357a6ba5e9b775e88d77cc84d2f19fe1c5faa857e4d20fc107,445409,445409
答辩问题记录 (copy).assets/image-20260826142301263.png,assets/答辩问题记录 (copy).assets__image-20260826142301263.png,图片,6067ecd48599d097f3f8473f6b38c9de22452a15db7215f63fb3b35e5bc4f3d7,6067ecd48599d097f3f8473f6b38c9de22452a15db7215f63fb3b35e5bc4f3d7,443347,443347
答辩问题记录 (copy).assets/image-20260826142607321.png,assets/答辩问题记录 (copy).assets__image-20260826142607321.png,图片,687805aeb92044bd4c814b0a6204131a57db4ef33b54fdc2d330d0da50da0fe2,687805aeb92044bd4c814b0a6204131a57db4ef33b54fdc2d330d0da50da0fe2,680016,680016
答辩问题记录 (copy).assets/截屏2026-08-26 14.32.18.png,assets/答辩问题记录 (copy).assets__截屏2026-08-26 14.32.18.png,图片,e26f7822191cd0ca5e11248c9c6973d11aa21e29070a8f86666f4d07038a8d85,e26f7822191cd0ca5e11248c9c6973d11aa21e29070a8f86666f4d07038a8d85,641567,641567
答辩问题记录 (copy).assets/截屏2026-08-26 15.27.07.png,assets/答辩问题记录 (copy).assets__截屏2026-08-26 15.27.07.png,图片,d623fb9b16c7f03c79b5444b7f3a4695346c397393584b0fe755a1f49f538bfe,d623fb9b16c7f03c79b5444b7f3a4695346c397393584b0fe755a1f49f538bfe,546074,546074
答辩问题记录.assets/image-20260826141607871.png,assets/答辩问题记录.assets__image-20260826141607871.png,图片,0e0fce00893012357a6ba5e9b775e88d77cc84d2f19fe1c5faa857e4d20fc107,0e0fce00893012357a6ba5e9b775e88d77cc84d2f19fe1c5faa857e4d20fc107,445409,445409
规模化运营 onepage_assets/image-01-business-background.jpg,assets/规模化运营 onepage_assets__image-01-business-background.jpg,图片,92ec46b91ea5fa6554b143dd56b140b42f57089bc809389dfa7111443a6290cf,92ec46b91ea5fa6554b143dd56b140b42f57089bc809389dfa7111443a6290cf,88181,88181
规模化运营 onepage_assets/image-02-business-value.png,assets/规模化运营 onepage_assets__image-02-business-value.png,图片,b55f44b8d1e744aa9a7f5e5894926c37763c9a02e331548f999b95b3599aa1a9,b55f44b8d1e744aa9a7f5e5894926c37763c9a02e331548f999b95b3599aa1a9,185656,185656
规模化运营 onepage_assets/image-03-org-structure.png,assets/规模化运营 onepage_assets__image-03-org-structure.png,图片,189d505fdfff52f163de9a8f4625aaab0e7e15a63b480b1181f8bcdc8e0126e9,189d505fdfff52f163de9a8f4625aaab0e7e15a63b480b1181f8bcdc8e0126e9,92391,92391
规模化运营 onepage_assets/image-04-author-flow.png,assets/规模化运营 onepage_assets__image-04-author-flow.png,图片,7b9a4c30580da06f7535b031b273039bef64163a000158a5c4579296e8aa1ee6,7b9a4c30580da06f7535b031b273039bef64163a000158a5c4579296e8aa1ee6,87180,87180
规模化运营 onepage_assets/image-05-author-pyramid.png,assets/规模化运营 onepage_assets__image-05-author-pyramid.png,图片,58bf836851e912b8e013ce3b2e87df55f3b273ffb5dd37ff95c27005099eaa79,58bf836851e912b8e013ce3b2e87df55f3b273ffb5dd37ff95c27005099eaa79,814596,814596
规模化运营 onepage_assets/image-06-coverage-table.png,assets/规模化运营 onepage_assets__image-06-coverage-table.png,图片,40a1901903accd8444ee2fde73d8fe2aafafb15d8c95bf5cabe34d477436fe6a,40a1901903accd8444ee2fde73d8fe2aafafb15d8c95bf5cabe34d477436fe6a,380948,380948
规模化运营 onepage_assets/image-07-crowd-list.png,assets/规模化运营 onepage_assets__image-07-crowd-list.png,图片,63e2bd48188288dba2a4b9ce54d2af46c562554d73dd0816c7729ed3f442d640,63e2bd48188288dba2a4b9ce54d2af46c562554d73dd0816c7729ed3f442d640,1641714,1641714
规模化运营 onepage_assets/image-08-crowd-metrics.png,assets/规模化运营 onepage_assets__image-08-crowd-metrics.png,图片,d54e10120b613cf937a01f049af5c67b9139b9963820b3c1a31cb10790771f0c,d54e10120b613cf937a01f049af5c67b9139b9963820b3c1a31cb10790771f0c,1322528,1322528
规模化运营 onepage_assets/image-09-health-matrix.png,assets/规模化运营 onepage_assets__image-09-health-matrix.png,图片,82175b7ff989616e510e392176560d034c3fda445d6cfb281eb9b46dbb2543cc,82175b7ff989616e510e392176560d034c3fda445d6cfb281eb9b46dbb2543cc,1652367,1652367
规模化运营 onepage_assets/image-10-crowd-change.png,assets/规模化运营 onepage_assets__image-10-crowd-change.png,图片,ec83dced60a71b732b106f0a5fe6212df6d10f1a64acbfd852d2cc0f4e1f27fe,ec83dced60a71b732b106f0a5fe6212df6d10f1a64acbfd852d2cc0f4e1f27fe,1597512,1597512
规模化运营 onepage_assets/image-11-rpa-matching.png,assets/规模化运营 onepage_assets__image-11-rpa-matching.png,图片,0e0d3b072020e5fc2c086da3c8623f97d7ee1418b8849d68af92dab6677e6268,0e0d3b072020e5fc2c086da3c8623f97d7ee1418b8849d68af92dab6677e6268,4047125,4047125
规模化运营 onepage_assets/image-12-rpa-broadcast.png,assets/规模化运营 onepage_assets__image-12-rpa-broadcast.png,图片,eb6750ee936908e5bedfe4783c32ea03b2984e4d1493aacf11a19b351d407fc8,eb6750ee936908e5bedfe4783c32ea03b2984e4d1493aacf11a19b351d407fc8,8362652,8362652
规模化运营 onepage_assets/image-13-rpa-chat.png,assets/规模化运营 onepage_assets__image-13-rpa-chat.png,图片,7df7e128433a85b73c71d4a5864ec96ff458addeb3a88decb50a0535457fe30c,7df7e128433a85b73c71d4a5864ec96ff458addeb3a88decb50a0535457fe30c,431819,431819
规模化运营 onepage_assets/whiteboard-01-business-overview.jpg,assets/规模化运营 onepage_assets__whiteboard-01-business-overview.jpg,图片,6bc3437c15fecf2e5f1dfcacb6c9abe7ef0ef7978d4207a4a00542c3ed18418d,6bc3437c15fecf2e5f1dfcacb6c9abe7ef0ef7978d4207a4a00542c3ed18418d,293112,293112
规模化运营 onepage_assets/whiteboard-01-business-overview.json,history/规模化运营 onepage_assets__whiteboard-01-business-overview.json,归档,1a632cf1ee8cea6a090b999256ab6a1a1cd287d177a0c9306e9581d0ef09b7f2,1a632cf1ee8cea6a090b999256ab6a1a1cd287d177a0c9306e9581d0ef09b7f2,79569,79569
规模化运营 onepage_assets/whiteboard-02-operation-flow.jpg,assets/规模化运营 onepage_assets__whiteboard-02-operation-flow.jpg,图片,5336ed70919b35c322cdf32f69154f80f3936b4aba1d35f4118bf831f1b55deb,5336ed70919b35c322cdf32f69154f80f3936b4aba1d35f4118bf831f1b55deb,328034,328034
规模化运营 onepage_assets/whiteboard-02-operation-flow.json,history/规模化运营 onepage_assets__whiteboard-02-operation-flow.json,归档,563ef65a58023ac3784850351b96576216e8e3158c77189c59fda97cf08cba41,563ef65a58023ac3784850351b96576216e8e3158c77189c59fda97cf08cba41,189409,189409
规模化运营 onepage_assets/whiteboard-03-platform-overview.jpg,assets/规模化运营 onepage_assets__whiteboard-03-platform-overview.jpg,图片,d2e5a319f45ebcaf49ab4863d613e230abc7abe1192bae8a53253492a1b0d84f,d2e5a319f45ebcaf49ab4863d613e230abc7abe1192bae8a53253492a1b0d84f,330145,330145
规模化运营 onepage_assets/whiteboard-03-platform-overview.json,history/规模化运营 onepage_assets__whiteboard-03-platform-overview.json,归档,caa71ca81688c4ea48362675a7bf1dc29ad97bb819a0074cdc8267a4aeea6b1f,caa71ca81688c4ea48362675a7bf1dc29ad97bb819a0074cdc8267a4aeea6b1f,133907,133907
规模化运营 onepage_assets/whiteboard-04-bpo-flow.jpg,assets/规模化运营 onepage_assets__whiteboard-04-bpo-flow.jpg,图片,6cd88a0a8f175368b9763ff02d8888ada28fdfefd09fa626ca4ff6a10a274d29,6cd88a0a8f175368b9763ff02d8888ada28fdfefd09fa626ca4ff6a10a274d29,176294,176294
规模化运营 onepage_assets/whiteboard-04-bpo-flow.json,history/规模化运营 onepage_assets__whiteboard-04-bpo-flow.json,归档,f0e61fa9832d4e845364dfc4b73e74d1041ec432d77e5cdf770c643d09cb5c79,f0e61fa9832d4e845364dfc4b73e74d1041ec432d77e5cdf770c643d09cb5c79,144472,144472
规模化运营 onepage_assets/whiteboard-05-bpo-product.jpg,assets/规模化运营 onepage_assets__whiteboard-05-bpo-product.jpg,图片,c4c1fd31d801e36dbc57eccaf6b1a6e8f23a7275027f6cff206ab279dfd735b0,c4c1fd31d801e36dbc57eccaf6b1a6e8f23a7275027f6cff206ab279dfd735b0,285367,285367
规模化运营 onepage_assets/whiteboard-05-bpo-product.json,history/规模化运营 onepage_assets__whiteboard-05-bpo-product.json,归档,a157f18eb4c253ed3c52a70e9eabab9313156ab0ac2c2631f45b70aab0fbbdb2,a157f18eb4c253ed3c52a70e9eabab9313156ab0ac2c2631f45b70aab0fbbdb2,19916,19916
规模化运营 onepage_assets/whiteboard-06-bpo-architecture.jpg,assets/规模化运营 onepage_assets__whiteboard-06-bpo-architecture.jpg,图片,4d880c2b2f8d2d39c8bcaefa798350e701f1216b7abaa9dcfe2a44b4122c6c0b,4d880c2b2f8d2d39c8bcaefa798350e701f1216b7abaa9dcfe2a44b4122c6c0b,222511,222511
规模化运营 onepage_assets/whiteboard-06-bpo-architecture.json,history/规模化运营 onepage_assets__whiteboard-06-bpo-architecture.json,归档,7fb2601c8f168617425e3be53eaa85bf13324c9bd4eb68521f887da3de546534,7fb2601c8f168617425e3be53eaa85bf13324c9bd4eb68521f887da3de546534,127901,127901
规模化运营 onepage_assets/whiteboard-07-rpa-flow.jpg,assets/规模化运营 onepage_assets__whiteboard-07-rpa-flow.jpg,图片,9a9ad7fa525128a4e9b7b354a0ff1ffcf56f049ac49214fdaba4fd3218b546a1,9a9ad7fa525128a4e9b7b354a0ff1ffcf56f049ac49214fdaba4fd3218b546a1,286859,286859
规模化运营 onepage_assets/whiteboard-07-rpa-flow.json,history/规模化运营 onepage_assets__whiteboard-07-rpa-flow.json,归档,8aba886cc33d8d824fac271a89c1e3d7a363b6e71c18795ba23b4ebe93965323,8aba886cc33d8d824fac271a89c1e3d7a363b6e71c18795ba23b4ebe93965323,96509,96509
规模化运营 onepage_assets/whiteboard-08-rpa-architecture.jpg,assets/规模化运营 onepage_assets__whiteboard-08-rpa-architecture.jpg,图片,f2de396399009645dd1652b528c28acf3b706a4c0fd0f034c3b95ab3538ad5d5,f2de396399009645dd1652b528c28acf3b706a4c0fd0f034c3b95ab3538ad5d5,224965,224965
规模化运营 onepage_assets/whiteboard-08-rpa-architecture.json,history/规模化运营 onepage_assets__whiteboard-08-rpa-architecture.json,归档,be3b197d77c2eab6732e9f61a79062b29671b391d8d75f85bd04b732723fa6ad,be3b197d77c2eab6732e9f61a79062b29671b391d8d75f85bd04b732723fa6ad,65740,65740
规模化运营 onepage_assets/whiteboard-09-ai-agent.jpg,assets/规模化运营 onepage_assets__whiteboard-09-ai-agent.jpg,图片,048683c81d0b8f7fdfcb67fa505249d2973302b6084245ee13f9c01c572b3bae,048683c81d0b8f7fdfcb67fa505249d2973302b6084245ee13f9c01c572b3bae,229064,229064
规模化运营 onepage_assets/whiteboard-09-ai-agent.json,history/规模化运营 onepage_assets__whiteboard-09-ai-agent.json,归档,712a730bc6cd4980e112114b4a9214f1dc0d66e23dee1400162f074b554bc3e4,712a730bc6cd4980e112114b4a9214f1dc0d66e23dee1400162f074b554bc3e4,75303,75303
规模化运营 onepage_assets/whiteboard-10-tech-plan.jpg,assets/规模化运营 onepage_assets__whiteboard-10-tech-plan.jpg,图片,82426f3a3d37ef0bdd21b57adb13500ef51d1143228fa3f0377826ea8f1dd381,82426f3a3d37ef0bdd21b57adb13500ef51d1143228fa3f0377826ea8f1dd381,219188,219188
规模化运营 onepage_assets/whiteboard-10-tech-plan.json,history/规模化运营 onepage_assets__whiteboard-10-tech-plan.json,归档,23b845df9951bcaa3b8f326bafb63cbff7e897fa7317db91233d3a9f52802d96,23b845df9951bcaa3b8f326bafb63cbff7e897fa7317db91233d3a9f52802d96,57994,57994
设计图草稿/01-双轨工作里程碑.png,assets/设计图草稿__01-双轨工作里程碑.png,图片,982e90708228554dfdec68689fd396247078e03c5b97be1098af4159f822d579,982e90708228554dfdec68689fd396247078e03c5b97be1098af4159f822d579,142953,142953
设计图草稿/01-双轨工作里程碑.svg,assets/设计图草稿__01-双轨工作里程碑.svg,图片,465574ba7d6484e1038430b820d09b371e7e4333ef85838d94179035397c37e8,465574ba7d6484e1038430b820d09b371e7e4333ef85838d94179035397c37e8,6744,6744
设计图草稿/02-四种权限状态机.png,assets/设计图草稿__02-四种权限状态机.png,图片,d27620b091e240a1bdd52f3c0cf41c62f0d6a478512c6867aaea953dcdb11f00,d27620b091e240a1bdd52f3c0cf41c62f0d6a478512c6867aaea953dcdb11f00,177227,177227
设计图草稿/02-四种权限状态机.svg,assets/设计图草稿__02-四种权限状态机.svg,图片,96b0dd7d981172cd607b82ec17f8ff106c629352e2d33e3c35bf8e8ff846b38e,96b0dd7d981172cd607b82ec17f8ff106c629352e2d33e3c35bf8e8ff846b38e,8233,8233
设计图草稿/03-AI-Coding工作流能力分层.png,assets/设计图草稿__03-AI-Coding工作流能力分层.png,图片,10c88d9ff3da732ef47c0ac54ed1865790e1ca62abea53422f39f52adf3999ff,10c88d9ff3da732ef47c0ac54ed1865790e1ca62abea53422f39f52adf3999ff,150990,150990
设计图草稿/03-AI-Coding工作流能力分层.svg,assets/设计图草稿__03-AI-Coding工作流能力分层.svg,图片,268703af7419b979185cd0094aa34a9dcc04a7504e8892f904d22d5aea2221f9,268703af7419b979185cd0094aa34a9dcc04a7504e8892f904d22d5aea2221f9,9993,9993
设计图草稿/04-未来能力路线图.png,assets/设计图草稿__04-未来能力路线图.png,图片,c84f2a2c216473cf9c660121586bcbe4b5d0769d52be474c3cef841fe0883331,c84f2a2c216473cf9c660121586bcbe4b5d0769d52be474c3cef841fe0883331,143582,143582
设计图草稿/04-未来能力路线图.svg,assets/设计图草稿__04-未来能力路线图.svg,图片,f93187ede87fb0f1d4110e52aa2572fcdca7bff06bb1fb417be59deb09b5ac0f,f93187ede87fb0f1d4110e52aa2572fcdca7bff06bb1fb417be59deb09b5ac0f,6117,6117
设计图草稿/README.md,答辩设计图说明.md,答辩相关,0636bffdb12807cfd15d90dcb7f4d901834fdc40543a696a9243e332f2126f27,6453d161abe4c7ee9c85e392dc2d66b2ce8225e28d347fbba4e04ec374e906b9,1475,2199
运营Agent建设技术方案初版_assets/whiteboard-01.jpg,assets/运营Agent建设技术方案初版_assets__whiteboard-01.jpg,图片,a9006e0833680acdc829e3a0a2dafa01ac78efe8fdf836978bdabe3ea1ffb683,a9006e0833680acdc829e3a0a2dafa01ac78efe8fdf836978bdabe3ea1ffb683,264974,264974
运营Agent建设技术方案初版_assets/whiteboard-01.raw.json,history/运营Agent建设技术方案初版_assets__whiteboard-01.raw.json,归档,46cdf360dfc15ef3dc4d55a30b21f2fab5620b4d5bcb0b7e444c3cdb91db4875,46cdf360dfc15ef3dc4d55a30b21f2fab5620b4d5bcb0b7e444c3cdb91db4875,79736,79736
运营Agent建设技术方案初版_assets/whiteboard-02.jpg,assets/运营Agent建设技术方案初版_assets__whiteboard-02.jpg,图片,2456f5f9f6652b81caf04d1f2d04ffd808215ffb5225e8fc5318b3c702c3bc01,2456f5f9f6652b81caf04d1f2d04ffd808215ffb5225e8fc5318b3c702c3bc01,161704,161704
运营Agent建设技术方案初版_assets/whiteboard-02.raw.json,history/运营Agent建设技术方案初版_assets__whiteboard-02.raw.json,归档,37db347a8588fcdb24f6f38307f0a1465dad3eaba8a639760e6c97cf75d896ee,37db347a8588fcdb24f6f38307f0a1465dad3eaba8a639760e6c97cf75d896ee,37397,37397
运营Agent建设技术方案初版_assets/whiteboard-03.jpg,assets/运营Agent建设技术方案初版_assets__whiteboard-03.jpg,图片,087fc3d3c4e7dd9a3912fa0eb303bc661d818ad776f344385edf745702b3653e,087fc3d3c4e7dd9a3912fa0eb303bc661d818ad776f344385edf745702b3653e,168190,168190
运营Agent建设技术方案初版_assets/whiteboard-03.raw.json,history/运营Agent建设技术方案初版_assets__whiteboard-03.raw.json,归档,d1c9a41be7939cd88282fb7eb5bc2a363b358af15b1e9b803366fce86dcf5d8b,d1c9a41be7939cd88282fb7eb5bc2a363b358af15b1e9b803366fce86dcf5d8b,38215,38215
运营Agent建设技术方案初版_assets/whiteboard-04.jpg,assets/运营Agent建设技术方案初版_assets__whiteboard-04.jpg,图片,ecde61d6e12735d6439f50b2bad855e91b298102aa53a21631e448c82b80a7d9,ecde61d6e12735d6439f50b2bad855e91b298102aa53a21631e448c82b80a7d9,191886,191886
运营Agent建设技术方案初版_assets/whiteboard-04.raw.json,history/运营Agent建设技术方案初版_assets__whiteboard-04.raw.json,归档,e11c2dfac69c607ff92ddeaf7c4b05e5d66c7ad854b4ffa90d4fbe1590de919d,e11c2dfac69c607ff92ddeaf7c4b05e5d66c7ad854b4ffa90d4fbe1590de919d,41899,41899
运营Agent建设技术方案初版_assets/whiteboard-05.jpg,assets/运营Agent建设技术方案初版_assets__whiteboard-05.jpg,图片,6510b4821803191090e84471050ced50bd7fae476265e3bebed4d28ccaa8f1e5,6510b4821803191090e84471050ced50bd7fae476265e3bebed4d28ccaa8f1e5,230262,230262
运营Agent建设技术方案初版_assets/whiteboard-05.raw.json,history/运营Agent建设技术方案初版_assets__whiteboard-05.raw.json,归档,f953a79128459ecfcde583527da7ad88ae34f68a38f36176ec90235568f00abc,f953a79128459ecfcde583527da7ad88ae34f68a38f36176ec90235568f00abc,54409,54409
运营Agent建设技术方案初版_assets/whiteboard-06.jpg,assets/运营Agent建设技术方案初版_assets__whiteboard-06.jpg,图片,87847dbd851a7374619fe6d12221ca5fbf007a64755bd6b3f10ae94330dc5b8f,87847dbd851a7374619fe6d12221ca5fbf007a64755bd6b3f10ae94330dc5b8f,200924,200924
运营Agent建设技术方案初版_assets/whiteboard-06.raw.json,history/运营Agent建设技术方案初版_assets__whiteboard-06.raw.json,归档,39cf360ba4dbea92f240986a13ec74e0ffcf5c51c7449b665a386c256d99cf59,39cf360ba4dbea92f240986a13ec74e0ffcf5c51c7449b665a386c256d99cf59,46691,46691
运营Agent建设技术方案初版_assets/whiteboard-07.jpg,assets/运营Agent建设技术方案初版_assets__whiteboard-07.jpg,图片,7fcd4bcd526037e360feb7a0fadf33d55a562248f28728014ef961daecaee45b,7fcd4bcd526037e360feb7a0fadf33d55a562248f28728014ef961daecaee45b,217849,217849
运营Agent建设技术方案初版_assets/whiteboard-07.raw.json,history/运营Agent建设技术方案初版_assets__whiteboard-07.raw.json,归档,e626921b126941859808ece534487e2bda89a7543fbe9fe6aa1b7f13aad369c0,e626921b126941859808ece534487e2bda89a7543fbe9fe6aa1b7f13aad369c0,44505,44505
运营平台_内容活动使用指南_assets/image-01-doucoin-delivery-detail.png,assets/运营平台_内容活动使用指南_assets__image-01-doucoin-delivery-detail.png,图片,af716a1849cd768195f276f33e4c4b620b01676a3c3e18552bd58be08291f30c,af716a1849cd768195f276f33e4c4b620b01676a3c3e18552bd58be08291f30c,155151,155151
运营平台_内容活动使用指南_assets/image-02-doucoupon-delivery-detail.png,assets/运营平台_内容活动使用指南_assets__image-02-doucoupon-delivery-detail.png,图片,0b14049a34dd8c7cd6ac01ca913b466d014271f997ec0a69236e748dcbc8b825,0b14049a34dd8c7cd6ac01ca913b466d014271f997ec0a69236e748dcbc8b825,114475,114475
运营平台_内容活动使用指南_assets/whiteboard-01-capability-flow.jpg,assets/运营平台_内容活动使用指南_assets__whiteboard-01-capability-flow.jpg,图片,0fa491642d4b1e683c22a3c6a6911feaa05c5d28d5b003ea4468017962dba70c,0fa491642d4b1e683c22a3c6a6911feaa05c5d28d5b003ea4468017962dba70c,83231,83231
运营平台_内容活动使用指南_assets/whiteboard-01-capability-flow.json,history/运营平台_内容活动使用指南_assets__whiteboard-01-capability-flow.json,归档,5730ecafc6c44b386579c027a44cc293657e37078cc02ab64a89cce22d018396,5730ecafc6c44b386579c027a44cc293657e37078cc02ab64a89cce22d018396,14290,14290
运营平台_内容活动使用指南_assets/whiteboard-02-activity-list.jpg,assets/运营平台_内容活动使用指南_assets__whiteboard-02-activity-list.jpg,图片,5d20eeff28b800f2906f1e7deea4246ee6716265ff10a5458c4e1d740298c532,5d20eeff28b800f2906f1e7deea4246ee6716265ff10a5458c4e1d740298c532,233545,233545
运营平台_内容活动使用指南_assets/whiteboard-02-activity-list.json,history/运营平台_内容活动使用指南_assets__whiteboard-02-activity-list.json,归档,53dfcc9f58a0c00db6d7514b9c64b43de6436c6e792a90b72c2ffb3d92a7f8ae,53dfcc9f58a0c00db6d7514b9c64b43de6436c6e792a90b72c2ffb3d92a7f8ae,357,357
运营平台_内容活动使用指南_assets/whiteboard-03-basic-config.jpg,assets/运营平台_内容活动使用指南_assets__whiteboard-03-basic-config.jpg,图片,df1a138daf0e305ef15935a46183420d1e5c4dc3369490b4ae6deab89c639830,df1a138daf0e305ef15935a46183420d1e5c4dc3369490b4ae6deab89c639830,123847,123847
运营平台_内容活动使用指南_assets/whiteboard-03-basic-config.json,history/运营平台_内容活动使用指南_assets__whiteboard-03-basic-config.json,归档,a84299e8e10acd79074348a1ae6c04a44409b3010836225188a9a8a0a9065d6a,a84299e8e10acd79074348a1ae6c04a44409b3010836225188a9a8a0a9065d6a,366,366
运营平台_内容活动使用指南_assets/whiteboard-04-reward-config.jpg,assets/运营平台_内容活动使用指南_assets__whiteboard-04-reward-config.jpg,图片,d2f83aaba4efe4b56bc391e9af3f499399d5fbe3fab639e0764ae30c97316ac0,d2f83aaba4efe4b56bc391e9af3f499399d5fbe3fab639e0764ae30c97316ac0,143014,143014
运营平台_内容活动使用指南_assets/whiteboard-04-reward-config.json,history/运营平台_内容活动使用指南_assets__whiteboard-04-reward-config.json,归档,1f82db7a1928c0b31de2c17e79503252ee551071b3ed4e237e1d54eea84041b3,1f82db7a1928c0b31de2c17e79503252ee551071b3ed4e237e1d54eea84041b3,339,339
运营平台_内容活动使用指南_assets/whiteboard-05-reward-delivery.jpg,assets/运营平台_内容活动使用指南_assets__whiteboard-05-reward-delivery.jpg,图片,84fe1ce9e3d7a5fbe53970d5f342bfb2685322acb4f31c21429e3d5f3a2dddaa,84fe1ce9e3d7a5fbe53970d5f342bfb2685322acb4f31c21429e3d5f3a2dddaa,280343,280343
运营平台_内容活动使用指南_assets/whiteboard-05-reward-delivery.json,history/运营平台_内容活动使用指南_assets__whiteboard-05-reward-delivery.json,归档,4883c8fbb62fe8c3a8ab5e003c59a97d3bc1995269334d2a5eb676d523298ec5,4883c8fbb62fe8c3a8ab5e003c59a97d3bc1995269334d2a5eb676d523298ec5,355,355
陈相实习生转正答辩 副本/陈相实习生转正答辩 副本.md,history/陈相实习生转正答辩 副本__陈相实习生转正答辩 副本.md,归档,00e0563ace558ac1850ef5d6c61bbe98cdbdc9013f5e92f6ae902a084783b97c,f00cbafffceb0e102306ae4679b2dc4e3d00f3fddc38fe6be245bfbbcfd4fa15,73828,75445
陈相实习生转正答辩 副本/图片和附件/BR2ybxgIaoznErxDnuRc5aDJnEf.png,assets/陈相实习生转正答辩 副本__图片和附件__BR2ybxgIaoznErxDnuRc5aDJnEf.png,图片,6068aeff6bb454e1d80df68a56849d2af6b3eeb9a8ac72489d7fcb4df35ab325,6068aeff6bb454e1d80df68a56849d2af6b3eeb9a8ac72489d7fcb4df35ab325,71155,71155
陈相实习生转正答辩 副本/图片和附件/D53GbGJA2oCd69xcik8cUTllnQe.png,assets/陈相实习生转正答辩 副本__图片和附件__D53GbGJA2oCd69xcik8cUTllnQe.png,图片,f5436c741bd1cfeb7b31ab550869a2b8b5c1faae4f0215bdaafcca64b9579b17,f5436c741bd1cfeb7b31ab550869a2b8b5c1faae4f0215bdaafcca64b9579b17,493823,493823
陈相实习生转正答辩 副本/图片和附件/framework-v3.png,assets/陈相实习生转正答辩 副本__图片和附件__framework-v3.png,图片,68925d9270df936b9826906993a4052cff7bc682f347f8384a73fc7819ef6b01,68925d9270df936b9826906993a4052cff7bc682f347f8384a73fc7819ef6b01,1227531,1227531
陈相实习生转正答辩 副本/图片和附件/image 1.png,assets/陈相实习生转正答辩 副本__图片和附件__image 1.png,图片,adb8b1de7633b40352947bfcce1082ef34e39e3cc6541a532d22b5d05219b63c,adb8b1de7633b40352947bfcce1082ef34e39e3cc6541a532d22b5d05219b63c,1860667,1860667
陈相实习生转正答辩 副本/图片和附件/image 10.png,assets/陈相实习生转正答辩 副本__图片和附件__image 10.png,图片,0f846d8b35fd5b47598d49e89de9e1449e000dc8217b600b530ce533f7bcd5f0,0f846d8b35fd5b47598d49e89de9e1449e000dc8217b600b530ce533f7bcd5f0,1509510,1509510
陈相实习生转正答辩 副本/图片和附件/image 11.png,assets/陈相实习生转正答辩 副本__图片和附件__image 11.png,图片,6b246b4aaf581b84b1961bd9946423d1b67710adea25d71caa469122ce9c6ab8,6b246b4aaf581b84b1961bd9946423d1b67710adea25d71caa469122ce9c6ab8,1692888,1692888
陈相实习生转正答辩 副本/图片和附件/image 12.png,assets/陈相实习生转正答辩 副本__图片和附件__image 12.png,图片,deee469e475dabf347a268150c4baaa1807ea30caeb8a7b797c100ae37d863fc,deee469e475dabf347a268150c4baaa1807ea30caeb8a7b797c100ae37d863fc,279963,279963
陈相实习生转正答辩 副本/图片和附件/image 13.png,assets/陈相实习生转正答辩 副本__图片和附件__image 13.png,图片,41fe945a5e17fed21aa3aef0a848664346d7c6ba3273abd1802047212b88cbcf,41fe945a5e17fed21aa3aef0a848664346d7c6ba3273abd1802047212b88cbcf,76656,76656
陈相实习生转正答辩 副本/图片和附件/image 14.png,assets/陈相实习生转正答辩 副本__图片和附件__image 14.png,图片,19737a74011858525ab92998a1cbc057e8240e9a74ef14ace0584ffa0ab8e961,19737a74011858525ab92998a1cbc057e8240e9a74ef14ace0584ffa0ab8e961,851948,851948
陈相实习生转正答辩 副本/图片和附件/image 15.png,assets/陈相实习生转正答辩 副本__图片和附件__image 15.png,图片,230633b6e26cf53677bb5afcec4bef199a116736a349496fdce848bea902eb25,230633b6e26cf53677bb5afcec4bef199a116736a349496fdce848bea902eb25,44451,44451
陈相实习生转正答辩 副本/图片和附件/image 16.png,assets/陈相实习生转正答辩 副本__图片和附件__image 16.png,图片,38bc8889ba073bd0314bcb0ec080547f35147cc4a881f69d42f3c94b223053ae,38bc8889ba073bd0314bcb0ec080547f35147cc4a881f69d42f3c94b223053ae,1478211,1478211
陈相实习生转正答辩 副本/图片和附件/image 17.png,assets/陈相实习生转正答辩 副本__图片和附件__image 17.png,图片,7be04ee8ae100532213c9eb3469ef72b6826108efac8323759be6686c02a93f5,7be04ee8ae100532213c9eb3469ef72b6826108efac8323759be6686c02a93f5,403169,403169
陈相实习生转正答辩 副本/图片和附件/image 18.png,assets/陈相实习生转正答辩 副本__图片和附件__image 18.png,图片,3026f27bcb07bb8687b858a80b3215e8fe1686e8da8689b94eadf5efbba734de,3026f27bcb07bb8687b858a80b3215e8fe1686e8da8689b94eadf5efbba734de,1460142,1460142
陈相实习生转正答辩 副本/图片和附件/image 19.png,assets/陈相实习生转正答辩 副本__图片和附件__image 19.png,图片,76d9e5d7fff1f2b57fd0b322684bfb2dbaf351874fabeaef4f135522ac0a6959,76d9e5d7fff1f2b57fd0b322684bfb2dbaf351874fabeaef4f135522ac0a6959,1482109,1482109
陈相实习生转正答辩 副本/图片和附件/image 2.png,assets/陈相实习生转正答辩 副本__图片和附件__image 2.png,图片,a301ab23e45b82fa4610536266daf9da4b11bcdb8c14517ba3b70a2274bcd5c3,a301ab23e45b82fa4610536266daf9da4b11bcdb8c14517ba3b70a2274bcd5c3,1041598,1041598
陈相实习生转正答辩 副本/图片和附件/image 20.png,assets/陈相实习生转正答辩 副本__图片和附件__image 20.png,图片,8508207f1f3319dcd9cc2e9ff448ea63db1a3ecb49559569766f35d066579612,8508207f1f3319dcd9cc2e9ff448ea63db1a3ecb49559569766f35d066579612,2347661,2347661
陈相实习生转正答辩 副本/图片和附件/image 21.png,assets/陈相实习生转正答辩 副本__图片和附件__image 21.png,图片,1145befd54623349d1d4ac6f3d17aa5a91cbd8829a5a2e935d39869fd7063317,1145befd54623349d1d4ac6f3d17aa5a91cbd8829a5a2e935d39869fd7063317,640251,640251
陈相实习生转正答辩 副本/图片和附件/image 3.png,assets/陈相实习生转正答辩 副本__图片和附件__image 3.png,图片,cc235ce207587dc5e7139b97e7759340ddcae60fd5128a51e53ef139a927be11,cc235ce207587dc5e7139b97e7759340ddcae60fd5128a51e53ef139a927be11,1197773,1197773
陈相实习生转正答辩 副本/图片和附件/image 4.png,assets/陈相实习生转正答辩 副本__图片和附件__image 4.png,图片,346d39c41f5d1c00cc2ba95a9e065e5ddf9a661b1584df30170f0c29d19d7cef,346d39c41f5d1c00cc2ba95a9e065e5ddf9a661b1584df30170f0c29d19d7cef,1627119,1627119
陈相实习生转正答辩 副本/图片和附件/image 5.png,assets/陈相实习生转正答辩 副本__图片和附件__image 5.png,图片,d4813519f92bc9dc42440c7ad8628d0f7e92d1f61022265c66a486844ede06d2,d4813519f92bc9dc42440c7ad8628d0f7e92d1f61022265c66a486844ede06d2,870235,870235
陈相实习生转正答辩 副本/图片和附件/image 6.png,assets/陈相实习生转正答辩 副本__图片和附件__image 6.png,图片,ae9dacfa717b097ad8cd39a5a378a92dbe0547739718f4aa4a008f2d46ea831f,ae9dacfa717b097ad8cd39a5a378a92dbe0547739718f4aa4a008f2d46ea831f,442932,442932
陈相实习生转正答辩 副本/图片和附件/image 7.png,assets/陈相实习生转正答辩 副本__图片和附件__image 7.png,图片,aa163007a02d811dff088ca51bb614d4acd8980e5e35d578ef6bb2be81dac1b5,aa163007a02d811dff088ca51bb614d4acd8980e5e35d578ef6bb2be81dac1b5,2348093,2348093
陈相实习生转正答辩 副本/图片和附件/image 8.png,assets/陈相实习生转正答辩 副本__图片和附件__image 8.png,图片,6987e324aa9204049ab93eaa69dd853361e4f3ef25055c636c5a4466cba90eea,6987e324aa9204049ab93eaa69dd853361e4f3ef25055c636c5a4466cba90eea,2309038,2309038
陈相实习生转正答辩 副本/图片和附件/image 9.png,assets/陈相实习生转正答辩 副本__图片和附件__image 9.png,图片,f3e3b82f6cffb69a26b6cf7ca239c2fc657d38ccd37d1e31f2f000e29bce58a9,f3e3b82f6cffb69a26b6cf7ca239c2fc657d38ccd37d1e31f2f000e29bce58a9,1880939,1880939
陈相实习生转正答辩 副本/图片和附件/image-20260806144119278.png,assets/陈相实习生转正答辩 副本__图片和附件__image-20260806144119278.png,图片,dec898bab8964b56987002ed9b19676cf67d8cfecc7ba6e7d9a9e8e6cdcf0a12,dec898bab8964b56987002ed9b19676cf67d8cfecc7ba6e7d9a9e8e6cdcf0a12,1053226,1053226
陈相实习生转正答辩 副本/图片和附件/image-20260806144211928.png,assets/陈相实习生转正答辩 副本__图片和附件__image-20260806144211928.png,图片,9a2114cb50fde942434b915c11619736189d0ae91d28eea0402b2d95ce3aef69,9a2114cb50fde942434b915c11619736189d0ae91d28eea0402b2d95ce3aef69,1150266,1150266
陈相实习生转正答辩 副本/图片和附件/image.png,assets/陈相实习生转正答辩 副本__图片和附件__image.png,图片,681a9daf5d300e90c24225c5901cbfaa4517f134095c634612545f349ccf18fb,681a9daf5d300e90c24225c5901cbfaa4517f134095c634612545f349ccf18fb,469430,469430
陈相实习生转正答辩 副本/图片和附件/N4vUbA4obox1eQxbqNkc2KFun2e.png,assets/陈相实习生转正答辩 副本__图片和附件__N4vUbA4obox1eQxbqNkc2KFun2e.png,图片,19718f5b29ae45aeee227938737282d08b2e6a9bc525526afbf9d535d335d1a8,19718f5b29ae45aeee227938737282d08b2e6a9bc525526afbf9d535d335d1a8,88389,88389
陈相实习生转正答辩 副本/图片和附件/PV9Fb08hQoP7bNx9nD0cRCkrngh.png,assets/陈相实习生转正答辩 副本__图片和附件__PV9Fb08hQoP7bNx9nD0cRCkrngh.png,图片,dcca78b0fcbfdbb823192db0b4a21e1cbd198f7708f0c3ba1de2e1a217255c5a,dcca78b0fcbfdbb823192db0b4a21e1cbd198f7708f0c3ba1de2e1a217255c5a,71726,71726
陈相实习生转正答辩 副本/图片和附件/test 1.jpg,assets/陈相实习生转正答辩 副本__图片和附件__test 1.jpg,图片,82b36f7588faeafb7b578bab1fbc10c68c0f6f4fc5af7de214927ede3d2e4ba7,82b36f7588faeafb7b578bab1fbc10c68c0f6f4fc5af7de214927ede3d2e4ba7,752495,752495
陈相实习生转正答辩 副本/图片和附件/test 2.jpg,assets/陈相实习生转正答辩 副本__图片和附件__test 2.jpg,图片,b55dd392b3a5e553561518ee8839c84a08990508817ec235e1b22563519640f3,b55dd392b3a5e553561518ee8839c84a08990508817ec235e1b22563519640f3,741974,741974
陈相实习生转正答辩 副本/图片和附件/test 3.jpg,assets/陈相实习生转正答辩 副本__图片和附件__test 3.jpg,图片,9f80b9f84582a6ec888d8a37651ca89cae6590963daab0f25493a824d527ae04,9f80b9f84582a6ec888d8a37651ca89cae6590963daab0f25493a824d527ae04,878784,878784
陈相实习生转正答辩 副本/图片和附件/test.jpg,assets/陈相实习生转正答辩 副本__图片和附件__test.jpg,图片,fb1ff243bf1ee3f07d43c9e6fa31c1016850378f88945331b938ab187ba95680,fb1ff243bf1ee3f07d43c9e6fa31c1016850378f88945331b938ab187ba95680,883059,883059
陈相实习生转正答辩.assets/001_image_HKWcbwSP.png,assets/陈相实习生转正答辩.assets__001_image_HKWcbwSP.png,图片,aa163007a02d811dff088ca51bb614d4acd8980e5e35d578ef6bb2be81dac1b5,aa163007a02d811dff088ca51bb614d4acd8980e5e35d578ef6bb2be81dac1b5,2348093,2348093
陈相实习生转正答辩.assets/002_image_WotfbGuL.png,assets/陈相实习生转正答辩.assets__002_image_WotfbGuL.png,图片,6987e324aa9204049ab93eaa69dd853361e4f3ef25055c636c5a4466cba90eea,6987e324aa9204049ab93eaa69dd853361e4f3ef25055c636c5a4466cba90eea,2309038,2309038
陈相实习生转正答辩.assets/003_image_ZwTSboWz.png,assets/陈相实习生转正答辩.assets__003_image_ZwTSboWz.png,图片,f3e3b82f6cffb69a26b6cf7ca239c2fc657d38ccd37d1e31f2f000e29bce58a9,f3e3b82f6cffb69a26b6cf7ca239c2fc657d38ccd37d1e31f2f000e29bce58a9,1880939,1880939
陈相实习生转正答辩.assets/004_image_XcRdbxSp.png,assets/陈相实习生转正答辩.assets__004_image_XcRdbxSp.png,图片,8508207f1f3319dcd9cc2e9ff448ea63db1a3ecb49559569766f35d066579612,8508207f1f3319dcd9cc2e9ff448ea63db1a3ecb49559569766f35d066579612,2347661,2347661
陈相实习生转正答辩.assets/005_whiteboard_UseBwQtI.jpg,assets/陈相实习生转正答辩.assets__005_whiteboard_UseBwQtI.jpg,图片,9a36e2203fd7f5b4e8c7ecf185d931064b900eb1e094da15140574e7b8013be2,9a36e2203fd7f5b4e8c7ecf185d931064b900eb1e094da15140574e7b8013be2,136516,136516
陈相实习生转正答辩.assets/005_whiteboard_UseBwQtI_nodes.json,history/陈相实习生转正答辩.assets__005_whiteboard_UseBwQtI_nodes.json,归档,3066e12b26b84f4d39d162b827931b6dac0954bb43f41fc047f9328c08aea0a0,3066e12b26b84f4d39d162b827931b6dac0954bb43f41fc047f9328c08aea0a0,60529,60529
陈相实习生转正答辩.assets/006_image_D5wEbDsn.png,assets/陈相实习生转正答辩.assets__006_image_D5wEbDsn.png,图片,dec898bab8964b56987002ed9b19676cf67d8cfecc7ba6e7d9a9e8e6cdcf0a12,dec898bab8964b56987002ed9b19676cf67d8cfecc7ba6e7d9a9e8e6cdcf0a12,1053226,1053226
陈相实习生转正答辩.assets/007_image_FOmybmgS.png,assets/陈相实习生转正答辩.assets__007_image_FOmybmgS.png,图片,9a2114cb50fde942434b915c11619736189d0ae91d28eea0402b2d95ce3aef69,9a2114cb50fde942434b915c11619736189d0ae91d28eea0402b2d95ce3aef69,1150266,1150266
陈相实习生转正答辩.assets/008_image_SMNFbmwa.png,assets/陈相实习生转正答辩.assets__008_image_SMNFbmwa.png,图片,82b36f7588faeafb7b578bab1fbc10c68c0f6f4fc5af7de214927ede3d2e4ba7,82b36f7588faeafb7b578bab1fbc10c68c0f6f4fc5af7de214927ede3d2e4ba7,752495,752495
陈相实习生转正答辩.assets/009_image_EGlubLvm.png,assets/陈相实习生转正答辩.assets__009_image_EGlubLvm.png,图片,fb1ff243bf1ee3f07d43c9e6fa31c1016850378f88945331b938ab187ba95680,fb1ff243bf1ee3f07d43c9e6fa31c1016850378f88945331b938ab187ba95680,883059,883059
陈相实习生转正答辩.assets/010_image_JveDbeIL.png,assets/陈相实习生转正答辩.assets__010_image_JveDbeIL.png,图片,b55dd392b3a5e553561518ee8839c84a08990508817ec235e1b22563519640f3,b55dd392b3a5e553561518ee8839c84a08990508817ec235e1b22563519640f3,741974,741974
陈相实习生转正答辩.assets/011_image_C0HjbI2T.png,assets/陈相实习生转正答辩.assets__011_image_C0HjbI2T.png,图片,9f80b9f84582a6ec888d8a37651ca89cae6590963daab0f25493a824d527ae04,9f80b9f84582a6ec888d8a37651ca89cae6590963daab0f25493a824d527ae04,878784,878784
陈相实习生转正答辩.assets/012_whiteboard_C2rGwzTe.jpg,assets/陈相实习生转正答辩.assets__012_whiteboard_C2rGwzTe.jpg,图片,03b37dbc79f800d34323c75a160afa7ea3837c10ee2e9692064a035197166cc0,03b37dbc79f800d34323c75a160afa7ea3837c10ee2e9692064a035197166cc0,122062,122062
陈相实习生转正答辩.assets/012_whiteboard_C2rGwzTe_nodes.json,history/陈相实习生转正答辩.assets__012_whiteboard_C2rGwzTe_nodes.json,归档,1f83176ec3174335330e800546c08bfe36147fc186fe158d30ff3d2a4538dbfa,1f83176ec3174335330e800546c08bfe36147fc186fe158d30ff3d2a4538dbfa,26584,26584
陈相实习生转正答辩.assets/013_whiteboard_PE0CwR1Z.jpg,assets/陈相实习生转正答辩.assets__013_whiteboard_PE0CwR1Z.jpg,图片,c4083f6eb86ed87b4cca2f754f291cd2b42cd34795037b1e640d45509550ea7b,c4083f6eb86ed87b4cca2f754f291cd2b42cd34795037b1e640d45509550ea7b,312478,312478
陈相实习生转正答辩.assets/013_whiteboard_PE0CwR1Z_nodes.json,history/陈相实习生转正答辩.assets__013_whiteboard_PE0CwR1Z_nodes.json,归档,118fa37d531844853f1b2f2af2dfd018a5dc24615ef07492c66d7d9399aecaad,118fa37d531844853f1b2f2af2dfd018a5dc24615ef07492c66d7d9399aecaad,153906,153906
陈相实习生转正答辩.assets/014_image_QP4iboWa.png,assets/陈相实习生转正答辩.assets__014_image_QP4iboWa.png,图片,a301ab23e45b82fa4610536266daf9da4b11bcdb8c14517ba3b70a2274bcd5c3,a301ab23e45b82fa4610536266daf9da4b11bcdb8c14517ba3b70a2274bcd5c3,1041598,1041598
陈相实习生转正答辩.assets/015_whiteboard_OjsZwQSm.jpg,assets/陈相实习生转正答辩.assets__015_whiteboard_OjsZwQSm.jpg,图片,96263b72cb01c12d38c183a635ec15660d47dd1fd13b3c6209b3e26679610a6a,96263b72cb01c12d38c183a635ec15660d47dd1fd13b3c6209b3e26679610a6a,268825,268825
陈相实习生转正答辩.assets/015_whiteboard_OjsZwQSm_nodes.json,history/陈相实习生转正答辩.assets__015_whiteboard_OjsZwQSm_nodes.json,归档,2fcc1f76eb45fcff77b8f8edfffe338a99a99255183eea3d4c7ba37c601f528b,2fcc1f76eb45fcff77b8f8edfffe338a99a99255183eea3d4c7ba37c601f528b,81034,81034
陈相实习生转正答辩.assets/016_image_R6VfbctY.png,assets/陈相实习生转正答辩.assets__016_image_R6VfbctY.png,图片,d4813519f92bc9dc42440c7ad8628d0f7e92d1f61022265c66a486844ede06d2,d4813519f92bc9dc42440c7ad8628d0f7e92d1f61022265c66a486844ede06d2,870235,870235
陈相实习生转正答辩.assets/017_image_LEEHbZFl.png,assets/陈相实习生转正答辩.assets__017_image_LEEHbZFl.png,图片,3026f27bcb07bb8687b858a80b3215e8fe1686e8da8689b94eadf5efbba734de,3026f27bcb07bb8687b858a80b3215e8fe1686e8da8689b94eadf5efbba734de,1460142,1460142
陈相实习生转正答辩.assets/018_image_R1wPbNfU.png,assets/陈相实习生转正答辩.assets__018_image_R1wPbNfU.png,图片,38bc8889ba073bd0314bcb0ec080547f35147cc4a881f69d42f3c94b223053ae,38bc8889ba073bd0314bcb0ec080547f35147cc4a881f69d42f3c94b223053ae,1478211,1478211
陈相实习生转正答辩.assets/019_image_ATgYbYGo.png,assets/陈相实习生转正答辩.assets__019_image_ATgYbYGo.png,图片,346d39c41f5d1c00cc2ba95a9e065e5ddf9a661b1584df30170f0c29d19d7cef,346d39c41f5d1c00cc2ba95a9e065e5ddf9a661b1584df30170f0c29d19d7cef,1627119,1627119
陈相实习生转正答辩.assets/020_whiteboard_HWlXwTpD.jpg,assets/陈相实习生转正答辩.assets__020_whiteboard_HWlXwTpD.jpg,图片,524e0a82c6fcde031868c0416bd87a755279d0897295684f8224a5414e717e2a,524e0a82c6fcde031868c0416bd87a755279d0897295684f8224a5414e717e2a,254331,254331
陈相实习生转正答辩.assets/020_whiteboard_HWlXwTpD_nodes.json,history/陈相实习生转正答辩.assets__020_whiteboard_HWlXwTpD_nodes.json,归档,5f0be20994a4166147d9cc21d6e177c08eca3c9c6e231bd4c6432c36c560b23a,5f0be20994a4166147d9cc21d6e177c08eca3c9c6e231bd4c6432c36c560b23a,74137,74137
陈相实习生转正答辩.assets/021_whiteboard_H6GiwwKd.jpg,assets/陈相实习生转正答辩.assets__021_whiteboard_H6GiwwKd.jpg,图片,06ac74b2dd1c96ef49d23d30ab3a816d05411f6e8a0d769b5b60769350def71e,06ac74b2dd1c96ef49d23d30ab3a816d05411f6e8a0d769b5b60769350def71e,95084,95084
陈相实习生转正答辩.assets/021_whiteboard_H6GiwwKd_nodes.json,history/陈相实习生转正答辩.assets__021_whiteboard_H6GiwwKd_nodes.json,归档,72ddda515c9233bcaa9ca361f1939c060fa93065d55443814d9d8f668657dcc3,72ddda515c9233bcaa9ca361f1939c060fa93065d55443814d9d8f668657dcc3,23838,23838
陈相实习生转正答辩.assets/022_whiteboard_S10mwmyZ.jpg,assets/陈相实习生转正答辩.assets__022_whiteboard_S10mwmyZ.jpg,图片,1b2592961ea33340997b119fc78c0611386789447d3ec8196e51c47ae769dbea,1b2592961ea33340997b119fc78c0611386789447d3ec8196e51c47ae769dbea,95273,95273
陈相实习生转正答辩.assets/022_whiteboard_S10mwmyZ_nodes.json,history/陈相实习生转正答辩.assets__022_whiteboard_S10mwmyZ_nodes.json,归档,f1f4e8ff2e8f2650efebbea6815e03b3998cbb60372c9217d0c1e9d34516ce45,f1f4e8ff2e8f2650efebbea6815e03b3998cbb60372c9217d0c1e9d34516ce45,25733,25733
陈相实习生转正答辩.assets/023_whiteboard_YvVFwPlY.jpg,assets/陈相实习生转正答辩.assets__023_whiteboard_YvVFwPlY.jpg,图片,bc54cf9b42152bff5225b752ef646b50cace41ad65713a5e87506577fc1e65b0,bc54cf9b42152bff5225b752ef646b50cace41ad65713a5e87506577fc1e65b0,188314,188314
陈相实习生转正答辩.assets/023_whiteboard_YvVFwPlY_nodes.json,history/陈相实习生转正答辩.assets__023_whiteboard_YvVFwPlY_nodes.json,归档,cb7c9e48592ebb4a3301b06778111dc05cab9404a8f957f7dbd481bf8822993a,cb7c9e48592ebb4a3301b06778111dc05cab9404a8f957f7dbd481bf8822993a,37994,37994
陈相实习生转正答辩.assets/024_image_GwcMbUb7.png,assets/陈相实习生转正答辩.assets__024_image_GwcMbUb7.png,图片,76d9e5d7fff1f2b57fd0b322684bfb2dbaf351874fabeaef4f135522ac0a6959,76d9e5d7fff1f2b57fd0b322684bfb2dbaf351874fabeaef4f135522ac0a6959,1482109,1482109
陈相实习生转正答辩.assets/025_whiteboard_UIkgwElA.jpg,assets/陈相实习生转正答辩.assets__025_whiteboard_UIkgwElA.jpg,图片,593be6bbed4c004d0da28c766e8e5e057a798c206afedac09acc50d17b676e6a,593be6bbed4c004d0da28c766e8e5e057a798c206afedac09acc50d17b676e6a,207435,207435
陈相实习生转正答辩.assets/025_whiteboard_UIkgwElA_nodes.json,history/陈相实习生转正答辩.assets__025_whiteboard_UIkgwElA_nodes.json,归档,200eb427768fa725b787a5699e2258cf415321d4ba9ef6b4d17a345161ef221c,200eb427768fa725b787a5699e2258cf415321d4ba9ef6b4d17a345161ef221c,37992,37992
陈相实习生转正答辩.assets/026_image_Q9mmbxfM.png,assets/陈相实习生转正答辩.assets__026_image_Q9mmbxfM.png,图片,0f846d8b35fd5b47598d49e89de9e1449e000dc8217b600b530ce533f7bcd5f0,0f846d8b35fd5b47598d49e89de9e1449e000dc8217b600b530ce533f7bcd5f0,1509510,1509510
陈相实习生转正答辩.assets/027_image_G6onbV7H.png,assets/陈相实习生转正答辩.assets__027_image_G6onbV7H.png,图片,cc235ce207587dc5e7139b97e7759340ddcae60fd5128a51e53ef139a927be11,cc235ce207587dc5e7139b97e7759340ddcae60fd5128a51e53ef139a927be11,1197773,1197773
陈相实习生转正答辩.assets/028_whiteboard_XedXwOJo.jpg,assets/陈相实习生转正答辩.assets__028_whiteboard_XedXwOJo.jpg,图片,715bf8bc42b98593385c2a59c65be264352e977d392e9e11a5e7856cba11bbf5,715bf8bc42b98593385c2a59c65be264352e977d392e9e11a5e7856cba11bbf5,214620,214620
陈相实习生转正答辩.assets/028_whiteboard_XedXwOJo_nodes.json,history/陈相实习生转正答辩.assets__028_whiteboard_XedXwOJo_nodes.json,归档,87972b018a95aa6c499fbd1e49f9620264b580bb48d126186cce4eb744891395,87972b018a95aa6c499fbd1e49f9620264b580bb48d126186cce4eb744891395,46787,46787
陈相实习生转正答辩.assets/029_image_ShHWbRNy.png,assets/陈相实习生转正答辩.assets__029_image_ShHWbRNy.png,图片,adb8b1de7633b40352947bfcce1082ef34e39e3cc6541a532d22b5d05219b63c,adb8b1de7633b40352947bfcce1082ef34e39e3cc6541a532d22b5d05219b63c,1860667,1860667
陈相实习生转正答辩.assets/030_image_P1Qibgk5.png,assets/陈相实习生转正答辩.assets__030_image_P1Qibgk5.png,图片,6b246b4aaf581b84b1961bd9946423d1b67710adea25d71caa469122ce9c6ab8,6b246b4aaf581b84b1961bd9946423d1b67710adea25d71caa469122ce9c6ab8,1692888,1692888
陈相实习生转正答辩.assets/031_whiteboard_J0RrwUND.jpg,assets/陈相实习生转正答辩.assets__031_whiteboard_J0RrwUND.jpg,图片,8a31a036a880456a6f1e4c005325670105faae6c10d72269704662f11f37b09f,8a31a036a880456a6f1e4c005325670105faae6c10d72269704662f11f37b09f,45453,45453
陈相实习生转正答辩.assets/031_whiteboard_J0RrwUND_nodes.json,history/陈相实习生转正答辩.assets__031_whiteboard_J0RrwUND_nodes.json,归档,84235952ee77380c7d47f87fcf144f4033363b3c968aefd97d9f293b4deca46e,84235952ee77380c7d47f87fcf144f4033363b3c968aefd97d9f293b4deca46e,2264,2264
陈相实习生转正答辩.assets/032_image_ENHubZcj.png,assets/陈相实习生转正答辩.assets__032_image_ENHubZcj.png,图片,19718f5b29ae45aeee227938737282d08b2e6a9bc525526afbf9d535d335d1a8,19718f5b29ae45aeee227938737282d08b2e6a9bc525526afbf9d535d335d1a8,88389,88389
陈相实习生转正答辩.assets/033_image_GIo1bxFt.png,assets/陈相实习生转正答辩.assets__033_image_GIo1bxFt.png,图片,dcca78b0fcbfdbb823192db0b4a21e1cbd198f7708f0c3ba1de2e1a217255c5a,dcca78b0fcbfdbb823192db0b4a21e1cbd198f7708f0c3ba1de2e1a217255c5a,71726,71726
陈相实习生转正答辩.assets/034_image_M8MSbdtt.png,assets/陈相实习生转正答辩.assets__034_image_M8MSbdtt.png,图片,6068aeff6bb454e1d80df68a56849d2af6b3eeb9a8ac72489d7fcb4df35ab325,6068aeff6bb454e1d80df68a56849d2af6b3eeb9a8ac72489d7fcb4df35ab325,71155,71155
陈相实习生转正答辩.assets/035_image_X0mYbM5x.png,assets/陈相实习生转正答辩.assets__035_image_X0mYbM5x.png,图片,7be04ee8ae100532213c9eb3469ef72b6826108efac8323759be6686c02a93f5,7be04ee8ae100532213c9eb3469ef72b6826108efac8323759be6686c02a93f5,403169,403169
陈相实习生转正答辩.assets/036_image_JDrcbQ8t.jpg,assets/陈相实习生转正答辩.assets__036_image_JDrcbQ8t.jpg,图片,230633b6e26cf53677bb5afcec4bef199a116736a349496fdce848bea902eb25,230633b6e26cf53677bb5afcec4bef199a116736a349496fdce848bea902eb25,44451,44451
陈相实习生转正答辩.assets/037_image_F4IFbDRx.png,assets/陈相实习生转正答辩.assets__037_image_F4IFbDRx.png,图片,19737a74011858525ab92998a1cbc057e8240e9a74ef14ace0584ffa0ab8e961,19737a74011858525ab92998a1cbc057e8240e9a74ef14ace0584ffa0ab8e961,851948,851948
陈相实习生转正答辩.assets/038_image_YEnWbsa0.png,assets/陈相实习生转正答辩.assets__038_image_YEnWbsa0.png,图片,68925d9270df936b9826906993a4052cff7bc682f347f8384a73fc7819ef6b01,68925d9270df936b9826906993a4052cff7bc682f347f8384a73fc7819ef6b01,1227531,1227531
陈相实习生转正答辩.assets/039_whiteboard_UK0jwazr.jpg,assets/陈相实习生转正答辩.assets__039_whiteboard_UK0jwazr.jpg,图片,884185692fceed40795d753fe6cb97097431df5271bbcf2874f1a684bba8d78e,884185692fceed40795d753fe6cb97097431df5271bbcf2874f1a684bba8d78e,255912,255912
陈相实习生转正答辩.assets/039_whiteboard_UK0jwazr_nodes.json,history/陈相实习生转正答辩.assets__039_whiteboard_UK0jwazr_nodes.json,归档,3ea334acccc99a61d3c13eda8bd5809bbe3d8a65f41fa06c00ae9dc9f35537e4,3ea334acccc99a61d3c13eda8bd5809bbe3d8a65f41fa06c00ae9dc9f35537e4,52706,52706
陈相实习生转正答辩.assets/040_image_O30XbwDE.png,assets/陈相实习生转正答辩.assets__040_image_O30XbwDE.png,图片,deee469e475dabf347a268150c4baaa1807ea30caeb8a7b797c100ae37d863fc,deee469e475dabf347a268150c4baaa1807ea30caeb8a7b797c100ae37d863fc,279963,279963
陈相实习生转正答辩.assets/041_image_TgAMbt4m.png,assets/陈相实习生转正答辩.assets__041_image_TgAMbt4m.png,图片,681a9daf5d300e90c24225c5901cbfaa4517f134095c634612545f349ccf18fb,681a9daf5d300e90c24225c5901cbfaa4517f134095c634612545f349ccf18fb,469430,469430
陈相实习生转正答辩.assets/042_whiteboard_OlaKw3P5.jpg,assets/陈相实习生转正答辩.assets__042_whiteboard_OlaKw3P5.jpg,图片,de6c377974119c1d38631c1f1f8db45c430647e5aa10ac021f8a612383b15942,de6c377974119c1d38631c1f1f8db45c430647e5aa10ac021f8a612383b15942,208446,208446
陈相实习生转正答辩.assets/042_whiteboard_OlaKw3P5_nodes.json,history/陈相实习生转正答辩.assets__042_whiteboard_OlaKw3P5_nodes.json,归档,2be5d96c65f5c7c52ae73b343f2fbb1a2fa1c5802ac5065c83cf9e13e7ec4358,2be5d96c65f5c7c52ae73b343f2fbb1a2fa1c5802ac5065c83cf9e13e7ec4358,61432,61432
陈相实习生转正答辩.assets/043_whiteboard_Kx0owyf3.jpg,assets/陈相实习生转正答辩.assets__043_whiteboard_Kx0owyf3.jpg,图片,b7182ed413d188494e92adaa7d201dbcacbdf9b96303771fa419638efb96480e,b7182ed413d188494e92adaa7d201dbcacbdf9b96303771fa419638efb96480e,50013,50013
陈相实习生转正答辩.assets/043_whiteboard_Kx0owyf3_nodes.json,history/陈相实习生转正答辩.assets__043_whiteboard_Kx0owyf3_nodes.json,归档,b981c381016526644919cc4b5f086105b1b55f89f99fc20d5fa4a6973f375e6e,b981c381016526644919cc4b5f086105b1b55f89f99fc20d5fa4a6973f375e6e,2941,2941
陈相实习生转正答辩.assets/044_whiteboard_Lch6w2qt.jpg,assets/陈相实习生转正答辩.assets__044_whiteboard_Lch6w2qt.jpg,图片,eb78ae933e5caef200c1c5f54579c810f51b8e9c1270880fb974ca928ff23d7c,eb78ae933e5caef200c1c5f54579c810f51b8e9c1270880fb974ca928ff23d7c,287681,287681
陈相实习生转正答辩.assets/044_whiteboard_Lch6w2qt_nodes.json,history/陈相实习生转正答辩.assets__044_whiteboard_Lch6w2qt_nodes.json,归档,ae44bd8ab6adfe95b7a00dd35de32e3bb9465e2072c676f7cc9351874ac67534,ae44bd8ab6adfe95b7a00dd35de32e3bb9465e2072c676f7cc9351874ac67534,65190,65190
陈相实习生转正答辩.assets/045_image_YkeMbIz1.png,assets/陈相实习生转正答辩.assets__045_image_YkeMbIz1.png,图片,1145befd54623349d1d4ac6f3d17aa5a91cbd8829a5a2e935d39869fd7063317,1145befd54623349d1d4ac6f3d17aa5a91cbd8829a5a2e935d39869fd7063317,640251,640251
陈相实习生转正答辩.assets/046_whiteboard_DoYCwoli.jpg,assets/陈相实习生转正答辩.assets__046_whiteboard_DoYCwoli.jpg,图片,e00cc01c279454397f9c31fb66ff541175bf926114a9fd180e3b200becbeb1f8,e00cc01c279454397f9c31fb66ff541175bf926114a9fd180e3b200becbeb1f8,253686,253686
陈相实习生转正答辩.assets/046_whiteboard_DoYCwoli_nodes.json,history/陈相实习生转正答辩.assets__046_whiteboard_DoYCwoli_nodes.json,归档,8a8bfaa20f0a5395662022207f8c9f6c6b532cb90682636dc9e97ac8f0666ed4,8a8bfaa20f0a5395662022207f8c9f6c6b532cb90682636dc9e97ac8f0666ed4,64601,64601
陈相实习生转正答辩.assets/047_image_Wiigb6OY.png,assets/陈相实习生转正答辩.assets__047_image_Wiigb6OY.png,图片,ae9dacfa717b097ad8cd39a5a378a92dbe0547739718f4aa4a008f2d46ea831f,ae9dacfa717b097ad8cd39a5a378a92dbe0547739718f4aa4a008f2d46ea831f,442932,442932
陈相实习生转正答辩.assets/048_image_Rr6NbsUF.png,assets/陈相实习生转正答辩.assets__048_image_Rr6NbsUF.png,图片,f5436c741bd1cfeb7b31ab550869a2b8b5c1faae4f0215bdaafcca64b9579b17,f5436c741bd1cfeb7b31ab550869a2b8b5c1faae4f0215bdaafcca64b9579b17,493823,493823
陈相实习生转正答辩.assets/049_image_J9DebPvm.png,assets/陈相实习生转正答辩.assets__049_image_J9DebPvm.png,图片,41fe945a5e17fed21aa3aef0a848664346d7c6ba3273abd1802047212b88cbcf,41fe945a5e17fed21aa3aef0a848664346d7c6ba3273abd1802047212b88cbcf,76656,76656
陈相实习生转正答辩.assets/050_whiteboard_EbeKwCBl.jpg,assets/陈相实习生转正答辩.assets__050_whiteboard_EbeKwCBl.jpg,图片,17e86579d4243964aa71d287cf3b050151f9e10f8b5a2d778de8f82c163e1140,17e86579d4243964aa71d287cf3b050151f9e10f8b5a2d778de8f82c163e1140,327845,327845
陈相实习生转正答辩.assets/050_whiteboard_EbeKwCBl_nodes.json,history/陈相实习生转正答辩.assets__050_whiteboard_EbeKwCBl_nodes.json,归档,cbf42e11275e6428de0b62ceba3a29a178040d377dd48a6ef33a7315ac58bc0a,cbf42e11275e6428de0b62ceba3a29a178040d377dd48a6ef33a7315ac58bc0a,95423,95423
飞书-头达数据分级管控/board-01.raw.json,history/飞书-头达数据分级管控__board-01.raw.json,归档,60adc52e7dd5b4ece61cc3495cebd7fa733667e634d046d3841670ffed047984,60adc52e7dd5b4ece61cc3495cebd7fa733667e634d046d3841670ffed047984,57007,57007
飞书-头达数据分级管控/board-02.raw.json,history/飞书-头达数据分级管控__board-02.raw.json,归档,b2ee45a289e45c0385fe9bba7bb379e38eafa615317cc284fe8a867278dc862f,b2ee45a289e45c0385fe9bba7bb379e38eafa615317cc284fe8a867278dc862f,26141,26141
飞书-头达数据分级管控/board-03.raw.json,history/飞书-头达数据分级管控__board-03.raw.json,归档,a47d7d141e981ddaf7908c6529572269472c786630d98f934a51400216ba1de3,a47d7d141e981ddaf7908c6529572269472c786630d98f934a51400216ba1de3,132716,132716
飞书-头达数据分级管控/board-04.raw.json,history/飞书-头达数据分级管控__board-04.raw.json,归档,d5ad74c818b9a5acbfb30e98c1d620743bc28adcf24767acf665ee83dad9bbfd,d5ad74c818b9a5acbfb30e98c1d620743bc28adcf24767acf665ee83dad9bbfd,66936,66936
飞书-头达数据分级管控/board-05.raw.json,history/飞书-头达数据分级管控__board-05.raw.json,归档,5f4fdb6715fefd3e7d70de527b2376499e8125383d64b6411ad23f6dc84cbf09,5f4fdb6715fefd3e7d70de527b2376499e8125383d64b6411ad23f6dc84cbf09,80878,80878
飞书-头达数据分级管控/business-access-flow-preview.png,assets/飞书-头达数据分级管控__business-access-flow-preview.png,图片,bf832128ccb2e315eeb41aaada3b5f9b641e3966b208564b0a8d79576ada08bb,bf832128ccb2e315eeb41aaada3b5f9b641e3966b208564b0a8d79576ada08bb,114331,114331
飞书-头达数据分级管控/business-access-flow.mmd,history/飞书-头达数据分级管控__business-access-flow.mmd,归档,17827a657ea73bee270ed2eb04f32d66080c56814715a53cf2e7862efd5f8651,17827a657ea73bee270ed2eb04f32d66080c56814715a53cf2e7862efd5f8651,1249,1249
飞书-头达数据分级管控/document.xml,history/飞书-头达数据分级管控__document.xml,归档,23309b11ecd53a38eeba9dbd2eb3bd74eec4e9646d8b358e86eacac3d1207c66,23309b11ecd53a38eeba9dbd2eb3bd74eec4e9646d8b358e86eacac3d1207c66,13626,13626
飞书-头达数据分级管控/field-module-protocol-preview.png,assets/飞书-头达数据分级管控__field-module-protocol-preview.png,图片,00632bc6006674f6b0aec18dbc74225eb327cc6b2120ab196164680d629e857f,00632bc6006674f6b0aec18dbc74225eb327cc6b2120ab196164680d629e857f,131797,131797
飞书-头达数据分级管控/field-module-protocol.mmd,history/飞书-头达数据分级管控__field-module-protocol.mmd,归档,d61ed352cc692ae47ef31c15b45c101ff56405ffe4ba8442afaedc14c33246c7,d61ed352cc692ae47ef31c15b45c101ff56405ffe4ba8442afaedc14c33246c7,1637,1637
飞书-头达数据分级管控/final-document.json,history/飞书-头达数据分级管控__final-document.json,归档,1abff5c53e0036700951bb2e68604e2c49cc82befd896d9388076921b6f13c41,1abff5c53e0036700951bb2e68604e2c49cc82befd896d9388076921b6f13c41,25620,25620
飞书-头达数据分级管控/live-board-03-preview.png,assets/飞书-头达数据分级管控__live-board-03-preview.png,图片,dd5ff497670718253bb7622579ff2eefc5f521a54fb55d625b3657ca4bf7faf4,dd5ff497670718253bb7622579ff2eefc5f521a54fb55d625b3657ca4bf7faf4,261071,261071
飞书-头达数据分级管控/live-board-03.raw.json,history/飞书-头达数据分级管控__live-board-03.raw.json,归档,461a92abf7fd45898ee8c1b15afa80a9ba9b0aed0b28ba0f1e23fe676b4f0c52,461a92abf7fd45898ee8c1b15afa80a9ba9b0aed0b28ba0f1e23fe676b4f0c52,132716,132716
飞书-头达数据分级管控/live-document.json,history/飞书-头达数据分级管控__live-document.json,归档,43571e5c0560eab824b890de6949d013e90b2ec3f5e4c44ec586f5bb62f2436a,43571e5c0560eab824b890de6949d013e90b2ec3f5e4c44ec586f5bb62f2436a,50646,50646
飞书-头达数据分级管控/3.1.3/fig-06/preview.png,assets/飞书-头达数据分级管控__3.1.3__fig-06__preview.png,图片,9d5b4b8d29a7ea4165e43357c65b023b616c1d876f5be4eead1c81f43943fba5,9d5b4b8d29a7ea4165e43357c65b023b616c1d876f5be4eead1c81f43943fba5,250478,250478
飞书-头达数据分级管控/3.1.3/fig-06/raw.json,history/飞书-头达数据分级管控__3.1.3__fig-06__raw.json,归档,49ccc8237a0f64bf08621cffbcdc962fd52727b4c9ca5a571be4d02b7ad6c161,49ccc8237a0f64bf08621cffbcdc962fd52727b4c9ca5a571be4d02b7ad6c161,74479,74479
飞书-头达数据分级管控/3.1.3/fig-06/table.xml,history/飞书-头达数据分级管控__3.1.3__fig-06__table.xml,归档,d9e55cccd2103c6a6477df4aa306c85447a217526bb67577575ffb24c60d8ff9,d9e55cccd2103c6a6477df4aa306c85447a217526bb67577575ffb24c60d8ff9,3234,3234
飞书-头达数据分级管控/3.1.3/fig-07/preview.png,assets/飞书-头达数据分级管控__3.1.3__fig-07__preview.png,图片,349f07c570791c0fea15e8a61747a100fce6de30bfb700866031a5af91caac7b,349f07c570791c0fea15e8a61747a100fce6de30bfb700866031a5af91caac7b,184872,184872
飞书-头达数据分级管控/3.1.3/fig-07/raw.json,history/飞书-头达数据分级管控__3.1.3__fig-07__raw.json,归档,69e4b285f5f4db8ff5de5e890121a4428e35bc3e0466fd8e6dd5309d82d29fe0,69e4b285f5f4db8ff5de5e890121a4428e35bc3e0466fd8e6dd5309d82d29fe0,47442,47442
飞书-头达数据分级管控/3.1.3/fig-07/source.mmd,history/飞书-头达数据分级管控__3.1.3__fig-07__source.mmd,归档,259a81aa0551c1113adfbcdb3fd0becde4964fd4a8ac87a94a09afa3f5036913,259a81aa0551c1113adfbcdb3fd0becde4964fd4a8ac87a94a09afa3f5036913,1057,1057
飞书-头达数据分级管控/3.1.3/fig-08/preview.png,assets/飞书-头达数据分级管控__3.1.3__fig-08__preview.png,图片,9d3ecf175aba6c9417f735eaf8941b24df36d1d0e1ee32848902da002169110b,9d3ecf175aba6c9417f735eaf8941b24df36d1d0e1ee32848902da002169110b,134296,134296
飞书-头达数据分级管控/3.1.3/fig-08/raw.json,history/飞书-头达数据分级管控__3.1.3__fig-08__raw.json,归档,3a521c1706055648af193026627dbe48610f62bc259ebaeb4e8a13185068bdc6,3a521c1706055648af193026627dbe48610f62bc259ebaeb4e8a13185068bdc6,36451,36451
飞书-头达数据分级管控/3.1.3/fig-08/source.mmd,history/飞书-头达数据分级管控__3.1.3__fig-08__source.mmd,归档,53670a1954af93110dd0511f83a126df5cfcda4f50bbcd34d88c2078f34adf52,53670a1954af93110dd0511f83a126df5cfcda4f50bbcd34d88c2078f34adf52,946,946
飞书-头达数据分级管控/3.1.3/fig-09/preview.png,assets/飞书-头达数据分级管控__3.1.3__fig-09__preview.png,图片,3bb749c811fc3fa7f9915de0da6ea8431e05484655349ad901d260ea02d08cba,3bb749c811fc3fa7f9915de0da6ea8431e05484655349ad901d260ea02d08cba,258063,258063
飞书-头达数据分级管控/3.1.3/fig-09/raw.json,history/飞书-头达数据分级管控__3.1.3__fig-09__raw.json,归档,f119477027a79b1799c6b3fc6d067dc45cd0c68fc76b74cc864e588512a3c211,f119477027a79b1799c6b3fc6d067dc45cd0c68fc76b74cc864e588512a3c211,52180,52180
飞书-头达数据分级管控/3.1.3/fig-10/permission-operation-dependencies-framework.preview.png,assets/飞书-头达数据分级管控__3.1.3__fig-10__permission-operation-dependencies-framework.preview.png,图片,119311851fb63b0a2db4ffa06ca5b4fa74ddc2f7dcea46ae9f4934b02e1e9b13,119311851fb63b0a2db4ffa06ca5b4fa74ddc2f7dcea46ae9f4934b02e1e9b13,220113,220113
飞书-头达数据分级管控/3.1.3/fig-10/permission-operation-dependencies-framework.raw.json,history/飞书-头达数据分级管控__3.1.3__fig-10__permission-operation-dependencies-framework.raw.json,归档,85da59b7708633f97feaa27e1ec7245b121700474fa2f73b1920e32885f84923,85da59b7708633f97feaa27e1ec7245b121700474fa2f73b1920e32885f84923,66455,66455
飞书-头达数据分级管控/3.1.3/fig-10/permission-operation-dependencies-framework.upload.openapi.json,history/飞书-头达数据分级管控__3.1.3__fig-10__permission-operation-dependencies-framework.upload.openapi.json,归档,e50845e1bd0315ece5409d45d01369cfcdb7738690d2a63737aeaf54789db99b,e50845e1bd0315ece5409d45d01369cfcdb7738690d2a63737aeaf54789db99b,40820,40820
飞书-头达数据分级管控/3.1.3/fig-10/permission-operation-dependencies-framework.upload.png,assets/飞书-头达数据分级管控__3.1.3__fig-10__permission-operation-dependencies-framework.upload.png,图片,2114ed1cd8a736dccd7e7bdc361697326a19a3334b2a13bcf6dadc88f85ae010,2114ed1cd8a736dccd7e7bdc361697326a19a3334b2a13bcf6dadc88f85ae010,335727,335727
飞书-头达数据分级管控/3.1.3/fig-10/permission-operation-dependencies-framework.upload.svg,assets/飞书-头达数据分级管控__3.1.3__fig-10__permission-operation-dependencies-framework.upload.svg,图片,bb0f484ca5b99dd90d4a3849bfd7f6e1133734f33df6a555d7292e3781cd39b0,bb0f484ca5b99dd90d4a3849bfd7f6e1133734f33df6a555d7292e3781cd39b0,8126,8126
飞书-头达数据分级管控/3.1.3/fig-11/preview.png,assets/飞书-头达数据分级管控__3.1.3__fig-11__preview.png,图片,07089b79b2b85aebafa4df37f3faf7035e7201c18ed5fff5d6f542985850a818,07089b79b2b85aebafa4df37f3faf7035e7201c18ed5fff5d6f542985850a818,91129,91129
飞书-头达数据分级管控/3.1.3/fig-11/raw.json,history/飞书-头达数据分级管控__3.1.3__fig-11__raw.json,归档,b8759cb0435e3b5ab9eec47b5f21a1cf4d8255f214b3597462cd97e82d75736a,b8759cb0435e3b5ab9eec47b5f21a1cf4d8255f214b3597462cd97e82d75736a,16765,16765
飞书-头达数据分级管控/3.1.3/fig-11/source.mmd,history/飞书-头达数据分级管控__3.1.3__fig-11__source.mmd,归档,533e68657510785d23f13ccd4c8ece6bdeb0d33e3dea67548fbdc571bddfb212,533e68657510785d23f13ccd4c8ece6bdeb0d33e3dea67548fbdc571bddfb212,870,870
飞书-头达数据分级管控/3.1.3/fig-12/preview.png,assets/飞书-头达数据分级管控__3.1.3__fig-12__preview.png,图片,936c103d0e3185a83f2d2327208aebd3a28cffea454f82c2b77385a3524f2d08,936c103d0e3185a83f2d2327208aebd3a28cffea454f82c2b77385a3524f2d08,158116,158116
飞书-头达数据分级管控/3.1.3/fig-12/raw.json,history/飞书-头达数据分级管控__3.1.3__fig-12__raw.json,归档,ece89dba66c6c6e1718067d96eadc1ddd28b98879b923b609153b3ce38da4e04,ece89dba66c6c6e1718067d96eadc1ddd28b98879b923b609153b3ce38da4e04,55116,55116
飞书-头达数据分级管控/3.1.3/fig-12/source.mmd,history/飞书-头达数据分级管控__3.1.3__fig-12__source.mmd,归档,68cc0682134a6ed4eeacff4a34fb8e8327c4bd85083f5e934ad4c23c2ae64d94,68cc0682134a6ed4eeacff4a34fb8e8327c4bd85083f5e934ad4c23c2ae64d94,1410,1410
飞书-头达数据分级管控/diagrams/permission-action/diagram.png,assets/飞书-头达数据分级管控__diagrams__permission-action__diagram.png,图片,ace19bbd1cb4ab332bf64588b480616ada7e945f528d8621fc2d71e86c1e65a2,ace19bbd1cb4ab332bf64588b480616ada7e945f528d8621fc2d71e86c1e65a2,311377,311377
飞书-头达数据分级管控/diagrams/permission-action/diagram.svg,assets/飞书-头达数据分级管控__diagrams__permission-action__diagram.svg,图片,094d6bb3e39896a4bcf5159fb44fc99d1fc225035d6ed165c3ae1f1e4cbf58d2,094d6bb3e39896a4bcf5159fb44fc99d1fc225035d6ed165c3ae1f1e4cbf58d2,9041,9041
飞书-头达数据分级管控/diagrams/permission-action/whiteboard-preview.png,assets/飞书-头达数据分级管控__diagrams__permission-action__whiteboard-preview.png,图片,258f24b3f801b734fa09b99939c2d3521eff4cd8f9a1b378d4280ca0e816cdfb,258f24b3f801b734fa09b99939c2d3521eff4cd8f9a1b378d4280ca0e816cdfb,267098,267098
飞书-头达数据分级管控/diagrams/permission-scope/edited.check.txt,history/飞书-头达数据分级管控__diagrams__permission-scope__edited.check.txt,归档,70a0364a64ffc07acf50c23566489e5682597efdfd0ab2bad0b6a9e1ec0bd943,70a0364a64ffc07acf50c23566489e5682597efdfd0ab2bad0b6a9e1ec0bd943,390,390
飞书-头达数据分级管控/diagrams/permission-scope/edited.openapi.json,history/飞书-头达数据分级管控__diagrams__permission-scope__edited.openapi.json,归档,5b2ea9469eb867bddc3cf5bc5be76ff5162c829f1d8b983354ebc723245eeba2,5b2ea9469eb867bddc3cf5bc5be76ff5162c829f1d8b983354ebc723245eeba2,119953,119953
飞书-头达数据分级管控/diagrams/permission-scope/edited.png,assets/飞书-头达数据分级管控__diagrams__permission-scope__edited.png,图片,7b7916fbb640d3b34ce0bd77a91e5386511e4171d9fa163f16eda6911a51d0f2,7b7916fbb640d3b34ce0bd77a91e5386511e4171d9fa163f16eda6911a51d0f2,364074,364074
飞书-头达数据分级管控/diagrams/permission-scope/edited.render.log,history/飞书-头达数据分级管控__diagrams__permission-scope__edited.render.log,归档,cd9dd70fbe02d530fd8d139584871afc0c9416936471951d253f6b9adbd8d5a5,cd9dd70fbe02d530fd8d139584871afc0c9416936471951d253f6b9adbd8d5a5,347,347
飞书-头达数据分级管控/diagrams/permission-scope/edited.svg,assets/飞书-头达数据分级管控__diagrams__permission-scope__edited.svg,图片,dee3b285711da78bd00581061cb7a9341726ede983c181baa63e368bae8427db,dee3b285711da78bd00581061cb7a9341726ede983c181baa63e368bae8427db,12513,12513
飞书-头达数据分级管控/diagrams/permission-scope/edited.update-dry-run.json,history/飞书-头达数据分级管控__diagrams__permission-scope__edited.update-dry-run.json,归档,04c618d64086c6c4581b109323734a773c91117df472f1537bd1758bacdb62e1,04c618d64086c6c4581b109323734a773c91117df472f1537bd1758bacdb62e1,148030,148030
飞书-头达数据分级管控/diagrams/permission-scope/edited.update.json,history/飞书-头达数据分级管控__diagrams__permission-scope__edited.update.json,归档,4f5b456b92d6464b1a2740fd9e271cd7f4203fa376c78528d99f454007d755e2,4f5b456b92d6464b1a2740fd9e271cd7f4203fa376c78528d99f454007d755e2,1006,1006
飞书-头达数据分级管控/diagrams/permission-scope/live-baseline.code-query.json,history/飞书-头达数据分级管控__diagrams__permission-scope__live-baseline.code-query.json,归档,d1acdf7ec14ba1054d6d2f59a5c4948c0e6b8ff3159a0cf038eeb93cf23fa320,d1acdf7ec14ba1054d6d2f59a5c4948c0e6b8ff3159a0cf038eeb93cf23fa320,111,111
飞书-头达数据分级管控/diagrams/permission-scope/live-baseline.png,assets/飞书-头达数据分级管控__diagrams__permission-scope__live-baseline.png,图片,39fc22762eaf97c9b7704e0524a5eaa5e3af6bf45dca0b32fb4c698ad66e7d08,39fc22762eaf97c9b7704e0524a5eaa5e3af6bf45dca0b32fb4c698ad66e7d08,267411,267411
飞书-头达数据分级管控/diagrams/permission-scope/live-baseline.raw.json,history/飞书-头达数据分级管控__diagrams__permission-scope__live-baseline.raw.json,归档,de5591159ce0abaf571461766c9703f2d827a2c5b9de305adf168d831d59f2d3,de5591159ce0abaf571461766c9703f2d827a2c5b9de305adf168d831d59f2d3,125217,125217
飞书-头达数据分级管控/diagrams/permission-scope/live-baseline.svg,assets/飞书-头达数据分级管控__diagrams__permission-scope__live-baseline.svg,图片,246208f5e5590c5b49701454b04eea197c54ea4ca8fe1ace06f8abd0115dae2f,246208f5e5590c5b49701454b04eea197c54ea4ca8fe1ace06f8abd0115dae2f,40553,40553
飞书-头达数据分级管控/diagrams/permission-scope/permission-scope.check.txt,history/飞书-头达数据分级管控__diagrams__permission-scope__permission-scope.check.txt,归档,70a0364a64ffc07acf50c23566489e5682597efdfd0ab2bad0b6a9e1ec0bd943,70a0364a64ffc07acf50c23566489e5682597efdfd0ab2bad0b6a9e1ec0bd943,390,390
飞书-头达数据分级管控/diagrams/permission-scope/permission-scope.openapi-command.json,history/飞书-头达数据分级管控__diagrams__permission-scope__permission-scope.openapi-command.json,归档,6749e1a93757e14b8d8ad3865739d00e7deed98c287e333a35a84e7e6693d139,60e7cc14270f87945d1861a0026ae79527630ac0902e5294bdc5b0b9a056aced,138734,134618
飞书-头达数据分级管控/diagrams/permission-scope/permission-scope.openapi.json,history/飞书-头达数据分级管控__diagrams__permission-scope__permission-scope.openapi.json,归档,50151877505a7d89314b259a9ac4ade39ddca5c123a23ed12c9f72de95717c8f,50151877505a7d89314b259a9ac4ade39ddca5c123a23ed12c9f72de95717c8f,119906,119906
飞书-头达数据分级管控/diagrams/permission-scope/permission-scope.query.json,history/飞书-头达数据分级管控__diagrams__permission-scope__permission-scope.query.json,归档,2ac172e3e650e37cbcf98ab0a1c402c517e20fed466030d248153d2093346444,fbbad9926ac3b64bdd787b80381cf226366751be036643251c0303afb555cd4d,160,681
飞书-头达数据分级管控/diagrams/permission-scope/permission-scope.render-command.json,history/飞书-头达数据分级管控__diagrams__permission-scope__permission-scope.render-command.json,归档,addd2d4411596bd0f978e9980973eb69cc01a690a437f20ca6223506fc6a33a5,a968b9c6f15d54a6b0cd1d75aa09fb86f04f5314dd119686514e0e510a418185,375,890
飞书-头达数据分级管控/diagrams/permission-scope/permission-scope.render.png,assets/飞书-头达数据分级管控__diagrams__permission-scope__permission-scope.render.png,图片,420e1c48e44dfa1f6f1cb5d2599b0920e4f2c522542ee474f9039341c84ec788,420e1c48e44dfa1f6f1cb5d2599b0920e4f2c522542ee474f9039341c84ec788,160978,160978
飞书-头达数据分级管控/diagrams/permission-scope/permission-scope.svg,assets/飞书-头达数据分级管控__diagrams__permission-scope__permission-scope.svg,图片,63a795001ca70e1a19cb6b0450816f0970e5f168ab7d694fb220cd34893cda06,63a795001ca70e1a19cb6b0450816f0970e5f168ab7d694fb220cd34893cda06,12476,12476
飞书-头达数据分级管控/diagrams/permission-scope/permission-scope.update.json,history/飞书-头达数据分级管控__diagrams__permission-scope__permission-scope.update.json,归档,47bf8932d621981d2bd615e073be95d4764b6506da7214b54f1ffec46993ef67,47bf8932d621981d2bd615e073be95d4764b6506da7214b54f1ffec46993ef67,957,957
飞书-头达数据分级管控/diagrams/permission-scope/permission-scope.whiteboard-preview.png,assets/飞书-头达数据分级管控__diagrams__permission-scope__permission-scope.whiteboard-preview.png,图片,70c5d0497781a69683ef16bc14a2e89cc296590d6ade34847986b5b034dfbed2,70c5d0497781a69683ef16bc14a2e89cc296590d6ade34847986b5b034dfbed2,268444,268444
飞书-头达数据分级管控/diagrams/permission-scope/permission-scope.whiteboard-render.png,assets/飞书-头达数据分级管控__diagrams__permission-scope__permission-scope.whiteboard-render.png,图片,71cc1bafa790000ecbae0bd2619a054bc049fd50266d7bd54157f839282163a0,71cc1bafa790000ecbae0bd2619a054bc049fd50266d7bd54157f839282163a0,133227,133227
飞书-头达数据分级管控/diagrams/permission-scope/permission-scope.whiteboard.svg,assets/飞书-头达数据分级管控__diagrams__permission-scope__permission-scope.whiteboard.svg,图片,a6b16868a175209afb020de45abfe6bba713a7a692a750bd1ee9a02dea649052,a6b16868a175209afb020de45abfe6bba713a7a692a750bd1ee9a02dea649052,12705,12705
飞书-头达数据分级管控/diagrams/permission-scope/updated-whiteboard-preview-retry.png,assets/飞书-头达数据分级管控__diagrams__permission-scope__updated-whiteboard-preview-retry.png,图片,0a270c32984654b896b402ec09f176faa2bb4828859b5f51a62ff1203f07261e,0a270c32984654b896b402ec09f176faa2bb4828859b5f51a62ff1203f07261e,51521,51521
飞书-头达数据分级管控/diagrams/permission-scope/updated-whiteboard-preview.png,assets/飞书-头达数据分级管控__diagrams__permission-scope__updated-whiteboard-preview.png,图片,dd5ff497670718253bb7622579ff2eefc5f521a54fb55d625b3657ca4bf7faf4,dd5ff497670718253bb7622579ff2eefc5f521a54fb55d625b3657ca4bf7faf4,261071,261071
飞书-头达数据分级管控/diagrams/permission-scope/updated-whiteboard.check.txt,history/飞书-头达数据分级管控__diagrams__permission-scope__updated-whiteboard.check.txt,归档,70a0364a64ffc07acf50c23566489e5682597efdfd0ab2bad0b6a9e1ec0bd943,70a0364a64ffc07acf50c23566489e5682597efdfd0ab2bad0b6a9e1ec0bd943,390,390
飞书-头达数据分级管控/diagrams/permission-scope/updated-whiteboard.local-render.png,assets/飞书-头达数据分级管控__diagrams__permission-scope__updated-whiteboard.local-render.png,图片,6e21b502c877f345a78e51714704396f053cf7eeaf85773d09c77e157c470053,6e21b502c877f345a78e51714704396f053cf7eeaf85773d09c77e157c470053,27767,27767
飞书-头达数据分级管控/diagrams/permission-scope/updated-whiteboard.raw.json,history/飞书-头达数据分级管控__diagrams__permission-scope__updated-whiteboard.raw.json,归档,5c4d12fc863166334d43019f1c1da0ca44363d3d306b0e5110841afdc261e202,5c4d12fc863166334d43019f1c1da0ca44363d3d306b0e5110841afdc261e202,126382,126382
飞书-头达数据分级管控/diagrams/permission-scope/updated-whiteboard.svg,assets/飞书-头达数据分级管控__diagrams__permission-scope__updated-whiteboard.svg,图片,5ddb9fffbff5b927fd1678ba4131e620820806c1d49db3fbe47b519f217cd24b,5ddb9fffbff5b927fd1678ba4131e620820806c1d49db3fbe47b519f217cd24b,40718,40718
飞书-头达数据分级管控/diagrams/security-boundary/diagram.png,assets/飞书-头达数据分级管控__diagrams__security-boundary__diagram.png,图片,14c3dbfa6fc580c6e58992ba746422fd51e7fd6db02d3a7b0392029739ee1b85,14c3dbfa6fc580c6e58992ba746422fd51e7fd6db02d3a7b0392029739ee1b85,165699,165699
飞书-头达数据分级管控/diagrams/security-boundary/diagram.svg,assets/飞书-头达数据分级管控__diagrams__security-boundary__diagram.svg,图片,efee9b627dc883d94f2172cd287cb65162e5294aabefb20f3c2333befbdabf21,efee9b627dc883d94f2172cd287cb65162e5294aabefb20f3c2333befbdabf21,4410,4410
飞书-头达数据分级管控/diagrams/security-boundary/whiteboard-preview.png,assets/飞书-头达数据分级管控__diagrams__security-boundary__whiteboard-preview.png,图片,5190811a74415e867b0047f53830f6d5cb7bfc320f4b41a10d6f501285157db5,5190811a74415e867b0047f53830f6d5cb7bfc320f4b41a10d6f501285157db5,122515,122515
